# This file uses centimeters as units for non-parametric coordinates.

mtllib Antorcha_tile1.mtl
g default
v 0.059871 0.239546 -0.281065
v 0.038064 0.243391 -0.296435
v 0.011109 0.243391 -0.296435
v -0.010698 0.239546 -0.281065
v -0.019027 0.233325 -0.256195
v -0.010698 0.227105 -0.231326
v 0.011109 0.223260 -0.215956
v 0.038064 0.223260 -0.215956
v 0.059871 0.227105 -0.231326
v 0.068201 0.233325 -0.256195
v 0.085702 0.275073 -0.291523
v 0.047931 0.281732 -0.318145
v 0.001243 0.281732 -0.318145
v -0.036528 0.275073 -0.291523
v -0.050955 0.264298 -0.248447
v -0.036528 0.253523 -0.205372
v 0.001243 0.246864 -0.178751
v 0.047931 0.246864 -0.178751
v 0.085702 0.253523 -0.205372
v 0.100129 0.264298 -0.248447
v 0.095156 0.319051 -0.287603
v 0.051542 0.326741 -0.318343
v -0.002368 0.326741 -0.318343
v -0.045982 0.319051 -0.287603
v -0.062641 0.306609 -0.237863
v -0.045982 0.294168 -0.188125
v -0.002368 0.286478 -0.157385
v 0.051542 0.286478 -0.157385
v 0.095156 0.294168 -0.188125
v 0.111815 0.306609 -0.237863
v 0.085702 0.359695 -0.270356
v 0.047931 0.366354 -0.296977
v 0.001243 0.366354 -0.296977
v -0.036528 0.359695 -0.270356
v -0.050955 0.348920 -0.227280
v -0.036528 0.338145 -0.184205
v 0.001243 0.331486 -0.157583
v 0.047931 0.331486 -0.157583
v 0.085702 0.338145 -0.184205
v 0.100129 0.348920 -0.227280
v 0.024587 0.221988 -0.259031
v 0.043025 0.350549 -0.168377
v 0.006149 0.350549 -0.168377
v -0.023685 0.355809 -0.189405
v -0.035080 0.364319 -0.223428
v -0.023685 0.372830 -0.257451
v 0.006149 0.378090 -0.278480
v 0.043025 0.378090 -0.278480
v 0.072859 0.372830 -0.257451
v 0.084254 0.364319 -0.223428
v 0.072859 0.355809 -0.189405
v 0.038843 0.354002 -0.180779
v 0.010330 0.354002 -0.180779
v -0.012738 0.358070 -0.197038
v -0.021549 0.364650 -0.223346
v -0.012738 0.371231 -0.249653
v 0.010330 0.375298 -0.265912
v 0.038844 0.375298 -0.265912
v 0.061912 0.371231 -0.249653
v 0.070723 0.364650 -0.223345
v 0.061912 0.358069 -0.197038
v 0.050104 1.885234 0.237970
v -0.000930 1.885234 0.237970
v -0.042217 1.892513 0.208870
v -0.057988 1.904291 0.161784
v -0.042217 1.916069 0.114699
v -0.000930 1.923348 0.085599
v 0.050104 1.923348 0.085599
v 0.091391 1.916069 0.114699
v 0.107162 1.904291 0.161785
v 0.091391 1.892513 0.208870
v 0.049920 1.838497 0.225699
v -0.000748 1.838497 0.225699
v -0.041739 1.845724 0.196807
v -0.057396 1.857418 0.150059
v -0.041738 1.869111 0.103311
v -0.000747 1.876338 0.074420
v 0.049921 1.876338 0.074420
v 0.090913 1.869111 0.103312
v 0.106570 1.857417 0.150060
v 0.090912 1.845724 0.196808
v 0.054005 1.835281 0.237853
v -0.004832 1.835281 0.237853
v 0.054188 1.882018 0.250124
v -0.005015 1.882018 0.250124
v -0.052432 1.843674 0.204303
v -0.052911 1.890463 0.216366
v -0.070614 1.857253 0.150018
v -0.071206 1.904126 0.161743
v -0.052432 1.870832 0.095733
v -0.052911 1.917789 0.107121
v -0.004831 1.879224 0.062183
v -0.005015 1.926234 0.073362
v 0.054006 1.879224 0.062183
v 0.054188 1.926234 0.073362
v 0.101606 1.870831 0.095734
v 0.102085 1.917789 0.107121
v 0.119788 1.857252 0.150019
v 0.120379 1.904126 0.161743
v 0.101606 1.843673 0.204304
v 0.102085 1.890463 0.216366
v 0.055629 2.134363 0.317816
v -0.006455 2.134363 0.317816
v -0.056682 2.143218 0.282415
v -0.075867 2.157546 0.225135
v -0.056682 2.171875 0.167854
v -0.006455 2.180730 0.132452
v 0.055629 2.180730 0.132452
v 0.105856 2.171875 0.167854
v 0.125041 2.157547 0.225134
v 0.105856 2.143218 0.282415
v 0.059029 2.225217 0.351330
v -0.009855 2.225217 0.351330
v -0.065584 2.235042 0.312051
v -0.086871 2.250940 0.248496
v -0.065584 2.266838 0.184941
v -0.009855 2.276663 0.145662
v 0.059029 2.276663 0.145662
v 0.114758 2.266838 0.184941
v 0.136044 2.250940 0.248496
v 0.114758 2.235042 0.312051
v 0.054676 2.370355 0.373825
v -0.005502 2.370355 0.373825
v -0.054187 2.378938 0.339510
v -0.072783 2.392827 0.283988
v -0.054187 2.406715 0.228466
v -0.005502 2.415299 0.194152
v 0.054676 2.415299 0.194152
v 0.103361 2.406715 0.228466
v 0.121957 2.392827 0.283988
v 0.103361 2.378938 0.339510
v 0.064132 2.128012 0.343205
v -0.014959 2.128012 0.343204
v -0.078944 2.139293 0.298106
v -0.103384 2.157546 0.225134
v -0.078944 2.175799 0.152163
v -0.014958 2.187080 0.107064
v 0.064132 2.187080 0.107064
v 0.128118 2.175799 0.152163
v 0.152558 2.157546 0.225135
v 0.128118 2.139293 0.298106
v 0.064132 2.174428 0.354815
v -0.014959 2.174428 0.354815
v -0.078944 2.185709 0.309716
v -0.103384 2.203962 0.236745
v -0.078944 2.222216 0.163774
v -0.014958 2.233497 0.118675
v 0.064132 2.233497 0.118675
v 0.128118 2.222215 0.163774
v 0.152558 2.203962 0.236745
v 0.128118 2.185709 0.309717
v 0.072636 2.168077 0.380204
v -0.023462 2.168077 0.380203
v 0.072636 2.215055 0.391955
v -0.023462 2.215055 0.391955
v -0.101206 2.181784 0.325407
v -0.101206 2.228761 0.337158
v -0.130901 2.203962 0.236745
v -0.130901 2.250940 0.248496
v -0.101206 2.226140 0.148083
v -0.101206 2.273118 0.159834
v -0.023462 2.239847 0.093287
v -0.023462 2.286825 0.105038
v 0.072636 2.239847 0.093287
v 0.072636 2.286825 0.105038
v 0.150380 2.226140 0.148083
v 0.150380 2.273118 0.159834
v 0.180075 2.203962 0.236745
v 0.180075 2.250940 0.248496
v 0.150380 2.181784 0.325407
v 0.150380 2.228761 0.337158
v 0.061432 2.448369 0.414772
v -0.012360 2.448385 0.414776
v -0.072059 2.458955 0.372710
v -0.094863 2.476041 0.304641
v -0.072060 2.493117 0.236569
v -0.012361 2.503660 0.194496
v 0.061431 2.503644 0.194492
v 0.121131 2.493075 0.236558
v 0.143934 2.475989 0.304627
v 0.121131 2.458913 0.372699
v 0.121032 2.418750 0.362703
v 0.061426 2.408241 0.404715
v -0.012251 2.408241 0.404715
v -0.071858 2.418749 0.362703
v -0.094625 2.435753 0.294726
v -0.071858 2.452757 0.226749
v -0.012252 2.463266 0.184737
v 0.061425 2.463266 0.184737
v 0.121032 2.452757 0.226749
v 0.143799 2.435754 0.294726
v 0.068854 2.356608 0.415367
v -0.019681 2.356608 0.415367
v 0.068854 2.402693 0.426894
v -0.019681 2.402693 0.426894
v -0.091306 2.369237 0.364883
v -0.091306 2.415321 0.376410
v -0.118665 2.389669 0.283198
v -0.118665 2.435753 0.294726
v -0.091306 2.410102 0.201514
v -0.091306 2.456186 0.213042
v -0.019680 2.422730 0.151030
v -0.019680 2.468814 0.162558
v 0.068854 2.422730 0.151031
v 0.068854 2.468814 0.162558
v 0.140480 2.410102 0.201515
v 0.140480 2.456186 0.213042
v 0.167838 2.389669 0.283199
v 0.167838 2.435753 0.294726
v 0.140479 2.369236 0.364883
v 0.140480 2.415321 0.376411
v 0.057477 2.451424 0.402988
v -0.008341 2.451447 0.402994
v 0.057513 2.471611 0.408153
v -0.008271 2.471620 0.408156
v -0.061589 2.460899 0.365479
v -0.061491 2.481030 0.370651
v -0.081927 2.476169 0.304773
v -0.081819 2.496246 0.309966
v -0.061588 2.491425 0.244064
v -0.061491 2.511455 0.249279
v -0.008340 2.500839 0.206541
v -0.008271 2.520850 0.211771
v 0.057477 2.500816 0.206535
v 0.057513 2.520840 0.211769
v 0.110725 2.491364 0.244050
v 0.110733 2.511431 0.249273
v 0.131064 2.476094 0.304755
v 0.131061 2.496215 0.309959
v 0.110725 2.460839 0.365464
v 0.110733 2.481005 0.370645
v 0.024586 0.243391 -0.296435
v 0.024587 0.281732 -0.318145
v 0.024587 0.326741 -0.318343
v 0.024587 0.366354 -0.296977
v 0.024587 0.378090 -0.278480
v 0.024587 0.375846 -0.268103
v 0.024587 1.877312 0.070527
v 0.024587 1.880355 0.057663
v 0.024587 1.927372 0.068814
v 0.024587 1.924329 0.081678
v 0.024587 2.181923 0.127683
v 0.024587 2.188600 0.100988
v 0.024587 2.235017 0.112599
v 0.024587 2.241694 0.085904
v 0.024587 2.288671 0.097655
v 0.024587 2.277987 0.140370
v 0.024587 2.416456 0.189528
v 0.024587 2.424432 0.144229
v 0.024587 2.470515 0.155756
v 0.024587 2.464682 0.179077
v 0.024535 2.505075 0.188826
v 0.024569 2.502098 0.201483
v 0.024621 2.522112 0.206717
v 0.000206 0.241469 -0.288750
v -0.017642 0.278403 -0.304834
v -0.024175 0.322896 -0.302973
v -0.017642 0.363024 -0.283666
v -0.008768 0.375460 -0.267965
v -0.002531 0.373708 -0.259555
v -0.023601 1.873513 0.085716
v -0.031370 1.875942 0.075301
v -0.031719 1.922932 0.086562
v -0.023949 1.920502 0.096977
v -0.034459 2.177268 0.146295
v -0.050633 2.182670 0.124698
v -0.050633 2.229086 0.136309
v -0.066807 2.234488 0.114712
v -0.066807 2.281465 0.126463
v -0.040926 2.272821 0.161020
v -0.032646 2.411943 0.207569
v -0.059614 2.417793 0.170770
v -0.059614 2.463876 0.182297
v -0.045485 2.459157 0.201164
v -0.045645 2.499540 0.210948
v -0.038028 2.497161 0.221213
v -0.037943 2.517178 0.226437
v -0.014863 0.236436 -0.268630
v -0.043742 0.269686 -0.269985
v -0.054311 0.312830 -0.262733
v -0.043742 0.354307 -0.248818
v -0.029383 0.368575 -0.240440
v -0.019291 0.368110 -0.237176
v -0.053383 1.863565 0.125482
v -0.065954 1.864392 0.121479
v -0.066517 1.911309 0.133027
v -0.053946 1.910483 0.137030
v -0.070951 2.165079 0.195020
v -0.097121 2.167142 0.186771
v -0.097121 2.213559 0.198382
v -0.123291 2.215622 0.190133
v -0.123291 2.262599 0.201884
v -0.081415 2.259298 0.215083
v -0.068018 2.400129 0.254799
v -0.111653 2.400412 0.240254
v -0.111653 2.446496 0.251782
v -0.088791 2.444693 0.258989
v -0.089019 2.485019 0.268854
v -0.076715 2.484191 0.272857
v -0.076609 2.504243 0.278061
v -0.014863 0.230215 -0.243761
v -0.043742 0.258911 -0.226910
v -0.054311 0.300388 -0.212994
v -0.043742 0.343532 -0.205742
v -0.029383 0.360064 -0.206416
v -0.019291 0.361191 -0.209515
v -0.053384 1.851270 0.174636
v -0.065955 1.850114 0.178557
v -0.066517 1.896943 0.190460
v -0.053946 1.898099 0.186539
v -0.070951 2.150013 0.255249
v -0.097121 2.147950 0.263497
v -0.097121 2.194366 0.275108
v -0.123291 2.192302 0.283358
v -0.123291 2.239280 0.295109
v -0.081416 2.242582 0.281909
v -0.068017 2.385525 0.313178
v -0.111654 2.378927 0.326142
v -0.111654 2.425011 0.337670
v -0.088791 2.426814 0.330464
v -0.089019 2.467059 0.340427
v -0.076715 2.468143 0.336689
v -0.076609 2.488247 0.341870
v 0.000205 0.225182 -0.223641
v -0.017642 0.250194 -0.192062
v -0.024175 0.290323 -0.172755
v -0.017642 0.334815 -0.170894
v -0.008768 0.353179 -0.178891
v -0.002532 0.355593 -0.187136
v -0.023602 1.841323 0.214402
v -0.031371 1.838563 0.224735
v -0.031718 1.885320 0.236925
v -0.023949 1.888080 0.226592
v -0.034458 2.137825 0.303975
v -0.050633 2.132423 0.325571
v -0.050633 2.178839 0.337181
v -0.066807 2.173437 0.358778
v -0.066807 2.220414 0.370529
v -0.040926 2.229059 0.335972
v -0.032646 2.373711 0.360408
v -0.059615 2.361546 0.395627
v -0.059614 2.407630 0.407155
v -0.045484 2.412349 0.388288
v -0.045645 2.452520 0.398329
v -0.038028 2.455146 0.388326
v -0.037943 2.475301 0.393492
v 0.024586 0.223260 -0.215956
v 0.024587 0.246864 -0.178751
v 0.024587 0.286478 -0.157385
v 0.024587 0.331486 -0.157583
v 0.024587 0.350549 -0.168377
v 0.024587 0.353454 -0.178588
v 0.024586 1.837523 0.229592
v 0.024586 1.834150 0.242373
v 0.024587 1.880880 0.254673
v 0.024587 1.884253 0.241891
v 0.024587 2.133170 0.322586
v 0.024587 2.126492 0.349281
v 0.024587 2.172908 0.360891
v 0.024587 2.166230 0.387586
v 0.024587 2.213208 0.399337
v 0.024587 2.223893 0.356622
v 0.024587 2.369198 0.378448
v 0.024586 2.354907 0.422168
v 0.024587 2.400991 0.433696
v 0.024587 2.406825 0.410375
v 0.024536 2.446955 0.420442
v 0.024568 2.450165 0.408046
v 0.024621 2.470349 0.413208
v 0.048967 0.225182 -0.223641
v 0.066817 0.250194 -0.192062
v 0.073349 0.290323 -0.172755
v 0.066817 0.334815 -0.170894
v 0.057942 0.353179 -0.178891
v 0.051705 0.355593 -0.187136
v 0.072775 1.841322 0.214403
v 0.080544 1.838562 0.224735
v 0.080892 1.885320 0.236925
v 0.073123 1.888080 0.226592
v 0.083633 2.137825 0.303974
v 0.099806 2.132423 0.325571
v 0.099806 2.178839 0.337182
v 0.115981 2.173437 0.358778
v 0.115981 2.220414 0.370529
v 0.090100 2.229059 0.335972
v 0.081820 2.373711 0.360408
v 0.108788 2.361546 0.395628
v 0.108788 2.407630 0.407155
v 0.094659 2.412349 0.388288
v 0.094716 2.452489 0.398321
v 0.087165 2.455102 0.388315
v 0.087185 2.475283 0.393487
v 0.064036 0.230215 -0.243761
v 0.092916 0.258911 -0.226910
v 0.103485 0.300388 -0.212994
v 0.092916 0.343532 -0.205742
v 0.078556 0.360064 -0.206416
v 0.068465 0.361190 -0.209515
v 0.102557 1.851270 0.174637
v 0.115128 1.850114 0.178558
v 0.115691 1.896943 0.190460
v 0.103120 1.898099 0.186539
v 0.120125 2.150014 0.255249
v 0.146295 2.147950 0.263498
v 0.146295 2.194366 0.275109
v 0.172465 2.192302 0.283358
v 0.172465 2.239280 0.295109
v 0.130589 2.242582 0.281909
v 0.117192 2.385525 0.313178
v 0.160827 2.378927 0.326143
v 0.160827 2.425011 0.337670
v 0.137965 2.426814 0.330463
v 0.138090 2.467010 0.340414
v 0.125851 2.468072 0.336671
v 0.125851 2.488218 0.341863
v 0.064036 0.236436 -0.268630
v 0.092916 0.269686 -0.269985
v 0.103485 0.312830 -0.262733
v 0.092916 0.354307 -0.248818
v 0.078556 0.368575 -0.240440
v 0.068465 0.368110 -0.237176
v 0.102557 1.863565 0.125483
v 0.115128 1.864391 0.121479
v 0.115691 1.911309 0.133027
v 0.103120 1.910483 0.137030
v 0.120125 2.165079 0.195020
v 0.146295 2.167142 0.186771
v 0.146295 2.213559 0.198382
v 0.172465 2.215622 0.190133
v 0.172465 2.262599 0.201884
v 0.130589 2.259298 0.215084
v 0.117191 2.400129 0.254798
v 0.160827 2.400411 0.240255
v 0.160827 2.446496 0.251782
v 0.137965 2.444693 0.258988
v 0.138090 2.484970 0.268841
v 0.125852 2.484120 0.272840
v 0.125851 2.504214 0.278054
v 0.048967 0.241469 -0.288750
v 0.066817 0.278403 -0.304834
v 0.073349 0.322896 -0.302973
v 0.066817 0.363024 -0.283666
v 0.057942 0.375460 -0.267965
v 0.051705 0.373708 -0.259555
v 0.072775 1.873512 0.085717
v 0.080545 1.875942 0.075302
v 0.080892 1.922932 0.086562
v 0.073123 1.920502 0.096977
v 0.083632 2.177268 0.146294
v 0.099807 2.182669 0.124698
v 0.099807 2.229086 0.136309
v 0.115981 2.234488 0.114712
v 0.115981 2.281465 0.126464
v 0.090100 2.272821 0.161021
v 0.081820 2.411943 0.207569
v 0.108788 2.417792 0.170770
v 0.108788 2.463876 0.182297
v 0.094658 2.459157 0.201164
v 0.094716 2.499509 0.210939
v 0.087165 2.497117 0.221203
v 0.087185 2.517160 0.226433
v 0.024621 2.496231 0.309962
v -0.414843 1.674291 -0.352196
v 0.003439 1.256008 -0.352196
v -0.414843 1.674291 -0.300280
v 0.003439 1.256008 -0.300280
v 0.003439 2.092573 -0.300280
v 0.421722 1.674291 -0.300280
v 0.003439 2.092573 -0.352196
v 0.421722 1.674291 -0.352196
v 0.125490 1.681003 0.043558
v 0.082606 1.681003 0.000674
v 0.024026 1.681003 -0.015022
v -0.034555 1.681003 0.000674
v -0.077439 1.681003 0.043558
v -0.093136 1.681003 0.102139
v -0.077439 1.681003 0.160720
v -0.034555 1.681003 0.203604
v 0.024026 1.681003 0.219301
v 0.082606 1.681003 0.203604
v 0.125490 1.681003 0.160720
v 0.141187 1.681003 0.102139
v 0.125490 1.715519 0.043558
v 0.082606 1.715519 0.000674
v 0.024026 1.715519 -0.015022
v -0.034555 1.715519 0.000674
v -0.077439 1.715519 0.043558
v -0.093136 1.715519 0.102139
v -0.077439 1.715519 0.160720
v -0.034555 1.715519 0.203604
v 0.024026 1.715519 0.219301
v 0.082606 1.715519 0.203604
v 0.125490 1.715519 0.160720
v 0.141187 1.715519 0.102139
v 0.099162 1.681003 0.058759
v 0.067406 1.681003 0.027002
v 0.067406 1.715519 0.027002
v 0.099162 1.715519 0.058759
v 0.024026 1.681003 0.015379
v 0.024026 1.715519 0.015379
v -0.019355 1.681003 0.027002
v -0.019355 1.715519 0.027002
v -0.051111 1.681003 0.058759
v -0.051111 1.715519 0.058759
v -0.062735 1.681003 0.102139
v -0.062735 1.715519 0.102139
v -0.051111 1.681003 0.145519
v -0.051111 1.715519 0.145519
v -0.019355 1.681003 0.177276
v -0.019355 1.715519 0.177276
v 0.024026 1.681003 0.188900
v 0.024026 1.715519 0.188900
v 0.067406 1.681003 0.177276
v 0.067406 1.715519 0.177276
v 0.099162 1.681003 0.145519
v 0.099162 1.715519 0.145519
v 0.110786 1.681003 0.102139
v 0.110786 1.715519 0.102139
v 0.075789 1.670389 -0.178669
v 0.003532 1.670389 -0.188272
v 0.003532 1.714389 -0.191752
v 0.075789 1.714389 -0.182149
v -0.050954 1.670389 -0.178669
v -0.050954 1.714389 -0.182149
v 0.075789 1.285286 -0.292556
v 0.075789 1.532376 -0.222823
v 0.075789 1.608487 -0.208957
v 0.075789 1.773861 -0.222823
v 0.075789 2.005684 -0.293361
v -0.050954 1.285286 -0.292556
v -0.050954 1.532376 -0.222823
v -0.050954 1.608487 -0.208957
v -0.050954 1.773861 -0.222823
v -0.050954 2.005684 -0.293361
v 0.075789 2.969659 -0.352196
v -0.050954 2.969659 -0.352196
v 0.075789 0.271957 -0.365883
v -0.050954 0.271957 -0.365883
v -0.050954 1.278760 -0.266838
v -0.050954 1.523952 -0.197122
v 0.075789 1.278760 -0.266838
v 0.075789 1.523952 -0.197122
v 0.075789 1.608487 -0.181619
v -0.050954 1.608487 -0.181619
v 0.075789 1.782285 -0.197122
v -0.050954 1.782285 -0.197122
v -0.050954 2.012209 -0.267643
v 0.075789 2.012209 -0.267643
v 0.075789 2.969659 -0.324822
v -0.050954 2.969659 -0.324822
v -0.050954 0.271957 -0.338509
v 0.075789 0.271957 -0.338509
v -0.050954 1.710393 -0.208710
v 0.075789 1.710393 -0.208710
v -0.050954 1.669263 -0.205788
v 0.075789 1.669263 -0.205788
v 0.003532 1.782285 -0.197122
v 0.003532 1.608487 -0.181619
v 0.003532 1.523952 -0.197122
v 0.003532 1.278760 -0.266838
v 0.003532 0.271957 -0.338509
v 0.003532 0.271957 -0.365883
v 0.003532 1.285286 -0.292556
v 0.003532 1.532376 -0.222823
v 0.003532 1.608487 -0.208957
v 0.003532 1.669263 -0.205788
v 0.003532 1.710393 -0.208710
v 0.003532 1.773861 -0.222823
v 0.003532 2.005684 -0.293361
v 0.003532 2.969659 -0.352196
v 0.003532 2.969659 -0.324822
v 0.003532 2.012209 -0.267643
v 0.075789 2.953314 -0.324848
v 0.003532 2.953314 -0.324848
v -0.050954 2.953314 -0.324848
v -0.050954 2.953211 -0.352196
v 0.003532 2.953211 -0.352196
v 0.075789 2.953211 -0.352196
v 0.075789 0.291656 -0.338538
v 0.075789 0.291772 -0.365883
v 0.003532 0.291772 -0.365883
v -0.050954 0.291772 -0.365883
v -0.050954 0.291656 -0.338538
v 0.003532 0.291656 -0.338538
v 0.075789 2.748131 -0.283522
v 0.003532 2.748131 -0.283522
v -0.050954 2.748131 -0.283522
v -0.050954 2.746739 -0.310543
v 0.003532 2.746739 -0.310543
v 0.075789 2.746739 -0.310543
v 0.075789 2.863967 -0.324990
v 0.003532 2.863967 -0.324990
v -0.050954 2.863967 -0.324990
v -0.050954 2.863303 -0.352196
v 0.003532 2.863303 -0.352196
v 0.075789 2.863303 -0.352196
v 0.075789 0.435864 -0.310543
v 0.003532 0.435864 -0.310543
v -0.050954 0.435864 -0.310543
v -0.050954 0.435016 -0.283384
v 0.003532 0.435016 -0.283384
v 0.075789 0.435016 -0.283384
v 0.075789 0.336478 -0.365883
v 0.003532 0.336478 -0.365883
v -0.050954 0.336478 -0.365883
v -0.050954 0.336099 -0.338605
v 0.003532 0.336099 -0.338605
v 0.075789 0.336099 -0.338605
v 0.075789 1.458420 -0.258563
v 0.003532 1.458420 -0.258563
v -0.050954 1.458420 -0.258563
v -0.050954 1.450928 -0.232853
v 0.003532 1.450928 -0.232853
v 0.075789 1.450928 -0.232853
v 0.075789 1.369829 -0.276396
v 0.003532 1.369829 -0.276396
v -0.050954 1.369829 -0.276396
v -0.050954 1.362831 -0.250682
v 0.003532 1.362831 -0.250682
v 0.075789 1.362831 -0.250682
v 0.075789 1.860186 -0.235013
v 0.003532 1.860186 -0.235013
v -0.050954 1.860186 -0.235013
v -0.050954 1.852406 -0.260719
v 0.003532 1.852406 -0.260719
v 0.075789 1.852406 -0.260719
v 0.120209 1.872020 0.105921
v 0.202307 1.891746 0.107613
v 0.316217 1.974681 0.128359
v 0.297916 2.071786 0.152649
v 0.120209 1.851497 0.187966
v 0.202307 1.871223 0.189659
v 0.316217 1.954158 0.210404
v 0.297916 2.051263 0.234694
v 0.216556 2.245181 0.196023
v 0.216556 2.224658 0.278068
v 0.214219 2.341011 0.219994
v 0.214219 2.320488 0.302039
v 0.211514 2.449406 0.247108
v 0.211514 2.428883 0.329153
v 0.239310 2.564265 0.279938
v 0.239310 2.545671 0.354268
v 0.277929 2.649012 0.308059
v 0.277929 2.633678 0.369361
v 0.317544 2.722490 0.331780
v 0.317544 2.709671 0.383028
v 0.262259 2.088654 0.244047
v 0.262259 2.109177 0.162002
v 0.108511 1.923474 0.118792
v 0.195842 1.938100 0.119209
v 0.195842 1.917578 0.201254
v 0.108511 1.902951 0.200837
v 0.287978 1.996151 0.133730
v 0.287978 1.975628 0.215775
v 0.264109 2.057748 0.149138
v 0.264109 2.037225 0.231183
v 0.238475 2.066295 0.238455
v 0.238475 2.086818 0.156409
v 0.179092 2.237069 0.193994
v 0.179092 2.216546 0.276039
v 0.175633 2.340376 0.219835
v 0.175633 2.319853 0.301880
v 0.173624 2.455351 0.248595
v 0.173624 2.434829 0.330640
v 0.203653 2.580647 0.284035
v 0.203653 2.562053 0.358366
v 0.244422 2.671175 0.313603
v 0.244422 2.655841 0.374905
v 0.284659 2.745947 0.337648
v 0.284659 2.733127 0.388896
v 0.269602 1.969972 0.127181
v 0.287016 1.936129 0.118716
v 0.287016 1.915606 0.200761
v 0.269602 1.949449 0.209226
v 0.287092 2.030080 0.142217
v 0.318300 2.027542 0.141582
v 0.318300 2.007019 0.223627
v 0.287092 2.009557 0.224262
v 0.245586 1.958978 0.124431
v 0.257055 1.918342 0.114266
v 0.257055 1.897819 0.196312
v 0.245586 1.938455 0.206476
v 0.200958 2.171849 0.177679
v 0.232060 2.186586 0.181366
v 0.236206 2.166064 0.263411
v 0.200958 2.151326 0.259725
v -0.010112 1.836368 0.248446
v -0.065940 1.840704 0.311664
v -0.146487 1.904093 0.410549
v -0.133546 2.004338 0.422285
v -0.069914 1.850880 0.190432
v -0.125742 1.855216 0.253650
v -0.206289 1.918605 0.352534
v -0.193348 2.018850 0.364270
v -0.076016 2.191694 0.409848
v -0.135818 2.206206 0.351833
v -0.074363 2.287925 0.432216
v -0.134165 2.302437 0.374201
v -0.072451 2.396784 0.457474
v -0.132253 2.411296 0.399460
v -0.094917 2.508520 0.502787
v -0.149096 2.521668 0.450227
v -0.126973 2.589423 0.546279
v -0.171656 2.600266 0.502931
v -0.158649 2.658250 0.588593
v -0.196003 2.667315 0.552355
v -0.168135 2.062360 0.349164
v -0.108333 2.047848 0.407178
v -0.001840 1.889830 0.253293
v -0.061369 1.888168 0.318825
v -0.121171 1.902680 0.260810
v -0.061642 1.904342 0.195278
v -0.126519 1.930409 0.396548
v -0.186321 1.944921 0.338534
v -0.109641 1.996102 0.395583
v -0.169443 2.010614 0.337568
v -0.151317 2.044082 0.327256
v -0.091515 2.029570 0.385270
v -0.049525 2.190011 0.382119
v -0.109327 2.204523 0.324105
v -0.047079 2.293911 0.405588
v -0.106881 2.308424 0.347574
v -0.045658 2.409231 0.432970
v -0.105460 2.423743 0.374956
v -0.069703 2.531021 0.482425
v -0.123883 2.544168 0.429865
v -0.103280 2.617336 0.528838
v -0.147963 2.628179 0.485491
v -0.135396 2.687349 0.571902
v -0.172750 2.696414 0.535665
v -0.113525 1.907382 0.377394
v -0.125839 1.870552 0.380874
v -0.185641 1.885064 0.322860
v -0.173327 1.921894 0.319380
v -0.125892 1.964489 0.404427
v -0.147960 1.956597 0.425200
v -0.207762 1.971109 0.367186
v -0.185694 1.979001 0.346413
v -0.096543 1.900510 0.358170
v -0.104653 1.857906 0.355873
v -0.164455 1.872418 0.297858
v -0.156345 1.915022 0.300155
v -0.064986 2.121039 0.380805
v -0.086979 2.130439 0.405826
v -0.149713 2.144240 0.350656
v -0.124789 2.135551 0.322790
v -0.070967 1.849467 0.196079
v -0.153065 1.867667 0.203874
v -0.266975 1.950602 0.224619
v -0.248674 2.047707 0.248909
v -0.070967 1.869990 0.114034
v -0.153065 1.888190 0.121829
v -0.266975 1.971125 0.142574
v -0.248674 2.068230 0.166864
v -0.167314 2.221102 0.292283
v -0.167314 2.241625 0.210238
v -0.164977 2.316932 0.316254
v -0.164977 2.337455 0.234209
v -0.162272 2.425327 0.343368
v -0.162272 2.445850 0.261323
v -0.190068 2.542115 0.368483
v -0.190068 2.560709 0.294153
v -0.228687 2.630122 0.383576
v -0.228687 2.645457 0.322274
v -0.268302 2.706115 0.397243
v -0.268302 2.718935 0.345995
v -0.213017 2.105621 0.176217
v -0.213017 2.085098 0.258262
v -0.059269 1.900922 0.208950
v -0.146600 1.914022 0.215469
v -0.146600 1.934545 0.133424
v -0.059269 1.921445 0.126905
v -0.238736 1.972072 0.229990
v -0.238736 1.992595 0.147945
v -0.214867 2.033669 0.245398
v -0.214867 2.054192 0.163353
v -0.189233 2.083262 0.170625
v -0.189233 2.062740 0.252670
v -0.129850 2.212990 0.290254
v -0.129850 2.233513 0.208209
v -0.126391 2.316298 0.316095
v -0.126391 2.336820 0.234050
v -0.124382 2.431273 0.344855
v -0.124382 2.451796 0.262810
v -0.154411 2.558498 0.372581
v -0.154411 2.577091 0.298251
v -0.195180 2.652285 0.389120
v -0.195180 2.667620 0.327818
v -0.235417 2.729572 0.403111
v -0.235417 2.742391 0.351863
v -0.220360 1.945893 0.223441
v -0.237774 1.912051 0.214976
v -0.237774 1.932574 0.132931
v -0.220360 1.966416 0.141396
v -0.237850 2.006001 0.238477
v -0.269058 2.003463 0.237842
v -0.269058 2.023986 0.155797
v -0.237850 2.026524 0.156432
v -0.196344 1.934899 0.220691
v -0.207813 1.894264 0.210527
v -0.207813 1.914787 0.128481
v -0.196344 1.955423 0.138646
v -0.151716 2.147771 0.273940
v -0.182818 2.162508 0.277626
v -0.186964 2.183031 0.195581
v -0.151716 2.168293 0.191894
v -0.075828 1.869172 0.117305
v -0.136104 1.901682 0.067889
v -0.216650 2.004163 0.010496
v -0.203709 2.098128 0.047340
v -0.016026 1.883684 0.059291
v -0.076302 1.916194 0.009874
v -0.156848 2.018675 -0.047519
v -0.143907 2.112640 -0.010675
v -0.146179 2.257563 0.146524
v -0.086377 2.272075 0.088509
v -0.144527 2.352991 0.172098
v -0.084725 2.367503 0.114083
v -0.142614 2.460922 0.201068
v -0.082812 2.475434 0.143053
v -0.159457 2.582198 0.208246
v -0.105278 2.595345 0.155686
v -0.182017 2.676354 0.198755
v -0.137334 2.687197 0.155407
v -0.206365 2.758776 0.186720
v -0.169010 2.767841 0.150482
v -0.118694 2.143913 0.023138
v -0.178496 2.129401 0.081153
v -0.067556 1.918620 0.138201
v -0.131532 1.946928 0.083919
v -0.071730 1.961440 0.025905
v -0.007754 1.933131 0.080186
v -0.196682 2.020788 0.035238
v -0.136880 2.035300 -0.022777
v -0.179804 2.078290 0.067019
v -0.120002 2.092802 0.009004
v -0.101876 2.117473 0.033860
v -0.161678 2.102961 0.091875
v -0.119688 2.243022 0.170194
v -0.059886 2.257534 0.112179
v -0.117242 2.345736 0.198408
v -0.057440 2.360248 0.140394
v -0.115822 2.460366 0.228547
v -0.056020 2.474878 0.170532
v -0.134244 2.592461 0.236803
v -0.080065 2.605609 0.184243
v -0.158324 2.692768 0.227283
v -0.113641 2.703611 0.183936
v -0.183111 2.776590 0.215145
v -0.145757 2.785654 0.178907
v -0.183688 1.991455 0.041294
v -0.196002 1.960601 0.020883
v -0.136200 1.975113 -0.037131
v -0.123886 2.005967 -0.016720
v -0.196056 2.054565 0.044332
v -0.218123 2.057382 0.022290
v -0.158321 2.071894 -0.035725
v -0.136254 2.069077 -0.013682
v -0.166707 1.976341 0.055019
v -0.174816 1.937673 0.036987
v -0.115014 1.952185 -0.021028
v -0.106904 1.990853 -0.002996
v -0.135150 2.181555 0.138880
v -0.157142 2.201629 0.121232
v -0.100272 2.216852 0.060373
v -0.075348 2.196067 0.080866
v 0.059354 1.885119 0.053554
v 0.115182 1.918709 -0.000177
v 0.195729 2.021189 -0.057570
v 0.182788 2.115155 -0.020726
v 0.119156 1.870607 0.111568
v 0.174984 1.904197 0.057838
v 0.255531 2.006678 0.000444
v 0.242590 2.100642 0.037288
v 0.125258 2.274589 0.078458
v 0.185060 2.260077 0.136472
v 0.123605 2.370018 0.104032
v 0.183407 2.355506 0.162047
v 0.121693 2.477949 0.133002
v 0.181495 2.463437 0.191016
v 0.144159 2.597859 0.145634
v 0.198338 2.584712 0.198194
v 0.176215 2.689711 0.145356
v 0.220898 2.678868 0.188703
v 0.207891 2.770355 0.140430
v 0.245245 2.761290 0.176668
v 0.217377 2.131915 0.071101
v 0.157575 2.146427 0.013086
v 0.051082 1.934566 0.074449
v 0.110611 1.963954 0.015853
v 0.170413 1.949442 0.073868
v 0.110884 1.920054 0.132464
v 0.175761 2.037814 -0.032829
v 0.235563 2.023302 0.025186
v 0.158883 2.095316 -0.001047
v 0.218685 2.080804 0.056967
v 0.200559 2.105475 0.081823
v 0.140757 2.119987 0.023809
v 0.098767 2.260049 0.102128
v 0.158569 2.245537 0.160143
v 0.096321 2.362762 0.130342
v 0.156123 2.348250 0.188357
v 0.094900 2.477393 0.160481
v 0.154702 2.462881 0.218495
v 0.118945 2.608123 0.174192
v 0.173125 2.594976 0.226752
v 0.152522 2.706125 0.173885
v 0.197205 2.695282 0.217232
v 0.184638 2.788169 0.168856
v 0.221992 2.779104 0.205094
v 0.162767 2.008482 -0.026772
v 0.175081 1.977628 -0.047183
v 0.234883 1.963116 0.010832
v 0.222569 1.993970 0.031243
v 0.175134 2.071591 -0.023734
v 0.197202 2.074408 -0.045777
v 0.257004 2.059896 0.012238
v 0.234936 2.057079 0.034281
v 0.145785 1.993368 -0.013047
v 0.153895 1.954700 -0.031080
v 0.213697 1.940188 0.026935
v 0.205587 1.978856 0.044967
v 0.114228 2.198581 0.070814
v 0.136221 2.218655 0.053166
v 0.198955 2.204854 0.108336
v 0.174031 2.184069 0.128829
v -0.075828 1.869172 0.117305
v -0.136104 1.901682 0.067889
v -0.216650 2.004163 0.010496
v -0.203709 2.098128 0.047340
v -0.016026 1.883684 0.059291
v -0.076302 1.916194 0.009874
v -0.156848 2.018675 -0.047519
v -0.143907 2.112640 -0.010675
v -0.146179 2.257563 0.146524
v -0.086377 2.272075 0.088509
v -0.144527 2.352991 0.172098
v -0.084725 2.367503 0.114083
v -0.142614 2.460922 0.201068
v -0.082812 2.475434 0.143053
v -0.159457 2.582198 0.208246
v -0.105278 2.595345 0.155686
v -0.182017 2.676354 0.198755
v -0.137334 2.687197 0.155407
v -0.206365 2.758776 0.186720
v -0.169010 2.767841 0.150482
v -0.118694 2.143913 0.023138
v -0.178496 2.129401 0.081153
v -0.067556 1.918620 0.138201
v -0.131532 1.946928 0.083919
v -0.071730 1.961440 0.025905
v -0.007754 1.933131 0.080186
v -0.196682 2.020788 0.035238
v -0.136880 2.035300 -0.022777
v -0.179804 2.078290 0.067019
v -0.120002 2.092802 0.009004
v -0.101876 2.117473 0.033860
v -0.161678 2.102961 0.091875
v -0.119688 2.243022 0.170194
v -0.059886 2.257534 0.112179
v -0.117242 2.345736 0.198408
v -0.057440 2.360248 0.140394
v -0.115822 2.460366 0.228547
v -0.056020 2.474878 0.170532
v -0.134244 2.592461 0.236803
v -0.080065 2.605609 0.184243
v -0.158324 2.692768 0.227283
v -0.113641 2.703611 0.183936
v -0.183111 2.776590 0.215145
v -0.145757 2.785654 0.178907
v -0.183688 1.991455 0.041294
v -0.196002 1.960601 0.020883
v -0.136200 1.975113 -0.037131
v -0.123886 2.005967 -0.016720
v -0.196056 2.054565 0.044332
v -0.218123 2.057382 0.022290
v -0.158321 2.071894 -0.035725
v -0.136254 2.069077 -0.013682
v -0.166707 1.976341 0.055019
v -0.174816 1.937673 0.036987
v -0.115014 1.952185 -0.021028
v -0.106904 1.990853 -0.002996
v -0.135150 2.181555 0.138880
v -0.157142 2.201629 0.121232
v -0.100272 2.216852 0.060373
v -0.075348 2.196067 0.080866
v -0.021847 1.883940 0.058269
v -0.024992 1.922825 -0.016631
v -0.024992 2.033402 -0.106391
v -0.024992 2.126066 -0.064347
v 0.062726 1.883940 0.058269
v 0.059581 1.922825 -0.016631
v 0.059581 2.033402 -0.106391
v 0.059581 2.126066 -0.064347
v -0.024992 2.279718 0.057955
v 0.059581 2.279718 0.057955
v -0.024992 2.374980 0.084193
v 0.059581 2.374980 0.084193
v -0.024992 2.482719 0.113931
v 0.059581 2.482719 0.113931
v -0.021016 2.605288 0.115939
v 0.055605 2.605288 0.115939
v -0.014301 2.701036 0.100081
v 0.048890 2.701036 0.100081
v -0.009119 2.785385 0.080344
v 0.043708 2.785385 0.080344
v 0.059581 2.154804 -0.020403
v -0.024992 2.154804 -0.020403
v -0.021847 1.932555 0.082489
v -0.024992 1.967611 0.001236
v 0.059581 1.967611 0.001236
v 0.062726 1.932555 0.082489
v -0.024992 2.048019 -0.073625
v 0.059581 2.048019 -0.073625
v -0.024992 2.103824 -0.035062
v 0.059581 2.103824 -0.035062
v 0.059581 2.126674 -0.002922
v -0.024992 2.126674 -0.002922
v -0.024992 2.262514 0.092270
v 0.059581 2.262514 0.092270
v -0.024992 2.364982 0.121467
v 0.059581 2.364982 0.121467
v -0.024992 2.479470 0.152176
v 0.059581 2.479470 0.152176
v -0.021016 2.613017 0.154628
v 0.055605 2.613017 0.154628
v -0.014301 2.715069 0.138130
v 0.048890 2.715069 0.138130
v -0.009119 2.800861 0.118114
v 0.043708 2.800861 0.118114
v -0.024992 2.017381 -0.062347
v -0.024992 1.987764 -0.087706
v 0.059581 1.987764 -0.087706
v 0.059581 2.017381 -0.062347
v -0.024992 2.081733 -0.064279
v -0.024992 2.086768 -0.095189
v 0.059581 2.086768 -0.095189
v 0.059581 2.081733 -0.064279
v -0.024992 2.000560 -0.041799
v -0.024992 1.962707 -0.063090
v 0.059581 1.962707 -0.063090
v 0.059581 2.000560 -0.041799
v -0.024992 2.202601 0.054743
v -0.024992 2.224885 0.028257
v 0.059581 2.225892 0.024235
v 0.059581 2.202601 0.054743
v 0.059354 1.885119 0.053554
v 0.115182 1.918709 -0.000177
v 0.195729 2.021189 -0.057570
v 0.182788 2.115155 -0.020726
v 0.119156 1.870607 0.111568
v 0.174984 1.904197 0.057838
v 0.255531 2.006678 0.000444
v 0.242590 2.100642 0.037288
v 0.125258 2.274589 0.078458
v 0.185060 2.260077 0.136472
v 0.123605 2.370018 0.104032
v 0.183407 2.355506 0.162047
v 0.121693 2.477949 0.133002
v 0.181495 2.463437 0.191016
v 0.144159 2.597859 0.145634
v 0.198338 2.584712 0.198194
v 0.176215 2.689711 0.145356
v 0.220898 2.678868 0.188703
v 0.207891 2.770355 0.140430
v 0.245245 2.761290 0.176668
v 0.217377 2.131915 0.071101
v 0.157575 2.146427 0.013086
v 0.051082 1.934566 0.074449
v 0.110611 1.963954 0.015853
v 0.170413 1.949442 0.073868
v 0.110884 1.920054 0.132464
v 0.175761 2.037814 -0.032829
v 0.235563 2.023302 0.025186
v 0.158883 2.095316 -0.001047
v 0.218685 2.080804 0.056967
v 0.200559 2.105475 0.081823
v 0.140757 2.119987 0.023809
v 0.098767 2.260049 0.102128
v 0.158569 2.245537 0.160143
v 0.096321 2.362762 0.130342
v 0.156123 2.348250 0.188357
v 0.094900 2.477393 0.160481
v 0.154702 2.462881 0.218495
v 0.118945 2.608123 0.174192
v 0.173125 2.594976 0.226752
v 0.152522 2.706125 0.173885
v 0.197205 2.695282 0.217232
v 0.184638 2.788169 0.168856
v 0.221992 2.779104 0.205094
v 0.162767 2.008482 -0.026772
v 0.175081 1.977628 -0.047183
v 0.234883 1.963116 0.010832
v 0.222569 1.993970 0.031243
v 0.175134 2.071591 -0.023734
v 0.197202 2.074408 -0.045777
v 0.257004 2.059896 0.012238
v 0.234936 2.057079 0.034281
v 0.145785 1.993368 -0.013047
v 0.153895 1.954700 -0.031080
v 0.213697 1.940188 0.026935
v 0.205587 1.978856 0.044967
v 0.114228 2.198581 0.070814
v 0.136221 2.218655 0.053166
v 0.198955 2.204854 0.108336
v 0.174031 2.184069 0.128829
v 0.125070 1.852315 0.184695
v 0.185346 1.857730 0.243598
v 0.265892 1.921119 0.342482
v 0.252951 2.021365 0.354219
v 0.065268 1.837803 0.242710
v 0.125544 1.843218 0.301613
v 0.206090 1.906607 0.400497
v 0.193149 2.006853 0.412233
v 0.195421 2.208721 0.341782
v 0.135619 2.194209 0.399796
v 0.193769 2.304951 0.364150
v 0.133967 2.290439 0.422164
v 0.191856 2.413810 0.389408
v 0.132054 2.399298 0.447423
v 0.208699 2.524182 0.440175
v 0.154520 2.511035 0.492735
v 0.231259 2.602781 0.492880
v 0.186576 2.591938 0.536227
v 0.255607 2.669829 0.542304
v 0.218252 2.660765 0.578542
v 0.167936 2.050362 0.397127
v 0.227738 2.064874 0.339112
v 0.116798 1.905777 0.189542
v 0.180774 1.905194 0.250758
v 0.120972 1.890682 0.308773
v 0.056996 1.891265 0.247556
v 0.245924 1.947435 0.328482
v 0.186122 1.932923 0.386497
v 0.229046 2.013128 0.327517
v 0.169244 1.998616 0.385531
v 0.151118 2.032085 0.375219
v 0.210920 2.046597 0.317204
v 0.168930 2.207037 0.314053
v 0.109128 2.192525 0.372068
v 0.166484 2.310938 0.337522
v 0.106682 2.296426 0.395537
v 0.165064 2.426258 0.364904
v 0.105262 2.411746 0.422919
v 0.183486 2.546683 0.419814
v 0.129307 2.533535 0.472373
v 0.207566 2.630693 0.475439
v 0.162883 2.619850 0.518786
v 0.232353 2.698928 0.525613
v 0.194999 2.689864 0.561851
v 0.232930 1.924409 0.309328
v 0.245244 1.887578 0.312808
v 0.185442 1.873067 0.370823
v 0.173128 1.909897 0.367343
v 0.245298 1.981516 0.336361
v 0.267365 1.973623 0.357134
v 0.207563 1.959111 0.415149
v 0.185496 1.967004 0.394376
v 0.215949 1.917536 0.290104
v 0.224058 1.874933 0.287807
v 0.164256 1.860421 0.345821
v 0.156146 1.903025 0.348119
v 0.184392 2.138065 0.312738
v 0.206384 2.147466 0.337760
v 0.149514 2.132242 0.398619
v 0.124590 2.123553 0.370753
v 0.120209 1.872020 0.105921
v 0.202307 1.891746 0.107613
v 0.316217 1.974681 0.128359
v 0.297916 2.071786 0.152649
v 0.120209 1.851497 0.187966
v 0.202307 1.871223 0.189659
v 0.316217 1.954158 0.210404
v 0.297916 2.051263 0.234694
v 0.216556 2.245181 0.196023
v 0.216556 2.224658 0.278068
v 0.214219 2.341011 0.219994
v 0.214219 2.320488 0.302039
v 0.211514 2.449406 0.247108
v 0.211514 2.428883 0.329153
v 0.239310 2.564265 0.279938
v 0.239310 2.545671 0.354268
v 0.277929 2.649012 0.308059
v 0.277929 2.633678 0.369361
v 0.317544 2.722490 0.331780
v 0.317544 2.709671 0.383028
v 0.262259 2.088654 0.244047
v 0.262259 2.109177 0.162002
v 0.108511 1.923474 0.118792
v 0.195842 1.938100 0.119209
v 0.195842 1.917578 0.201254
v 0.108511 1.902951 0.200837
v 0.287978 1.996151 0.133730
v 0.287978 1.975628 0.215775
v 0.264109 2.057748 0.149138
v 0.264109 2.037225 0.231183
v 0.238475 2.066295 0.238455
v 0.238475 2.086818 0.156409
v 0.179092 2.237069 0.193994
v 0.179092 2.216546 0.276039
v 0.175633 2.340376 0.219835
v 0.175633 2.319853 0.301880
v 0.173624 2.455351 0.248595
v 0.173624 2.434829 0.330640
v 0.203653 2.580647 0.284035
v 0.203653 2.562053 0.358366
v 0.244422 2.671175 0.313603
v 0.244422 2.655841 0.374905
v 0.284659 2.745947 0.337648
v 0.284659 2.733127 0.388896
v 0.269602 1.969972 0.127181
v 0.287016 1.936129 0.118716
v 0.287016 1.915606 0.200761
v 0.269602 1.949449 0.209226
v 0.287092 2.030080 0.142217
v 0.318300 2.027542 0.141582
v 0.318300 2.007019 0.223627
v 0.287092 2.009557 0.224262
v 0.245586 1.958978 0.124431
v 0.257055 1.918342 0.114266
v 0.257055 1.897819 0.196312
v 0.245586 1.938455 0.206476
v 0.200958 2.171849 0.177679
v 0.232060 2.186586 0.181366
v 0.236206 2.166064 0.263411
v 0.200958 2.151326 0.259725
v 0.071089 1.837548 0.243731
v 0.074234 1.836588 0.328118
v 0.074234 1.891881 0.459369
v 0.074234 1.993427 0.465905
v -0.013484 1.837548 0.243731
v -0.010339 1.836588 0.328118
v -0.010339 1.891881 0.459369
v -0.010339 1.993427 0.465905
v 0.074234 2.186566 0.430351
v -0.010339 2.186566 0.430351
v 0.074234 2.282962 0.452055
v -0.010339 2.282962 0.452055
v 0.074234 2.392014 0.476545
v -0.010339 2.392014 0.476545
v 0.070258 2.501092 0.532483
v -0.006363 2.501092 0.532483
v 0.063543 2.578098 0.591554
v 0.000352 2.578098 0.591554
v 0.058361 2.643220 0.648679
v 0.005534 2.643220 0.648679
v -0.010339 2.039471 0.440667
v 0.074234 2.039471 0.440667
v 0.071089 1.891841 0.245254
v 0.074234 1.884512 0.333442
v -0.010339 1.884512 0.333442
v -0.013484 1.891841 0.245254
v 0.074234 1.920204 0.437345
v -0.010339 1.920204 0.437345
v 0.074234 1.987593 0.429598
v -0.010339 1.987593 0.429598
v -0.010339 2.022884 0.412001
v 0.074234 2.022884 0.412001
v 0.074234 2.187545 0.391978
v -0.010339 2.187545 0.391978
v 0.074234 2.291691 0.414463
v -0.010339 2.291691 0.414463
v 0.074234 2.407154 0.441275
v -0.010339 2.407154 0.441275
v 0.070258 2.526127 0.501989
v -0.006363 2.526127 0.501989
v 0.063543 2.608392 0.564592
v 0.000352 2.608392 0.564592
v 0.058361 2.674657 0.622645
v 0.005534 2.674657 0.622645
v 0.074234 1.898484 0.412970
v 0.074234 1.860416 0.421398
v -0.010339 1.860416 0.421398
v -0.010339 1.898484 0.412970
v 0.074234 1.954347 0.444972
v 0.074234 1.944237 0.474613
v -0.010339 1.944237 0.474613
v -0.010339 1.954347 0.444972
v 0.074234 1.893318 0.386922
v 0.074234 1.849899 0.387883
v -0.010339 1.849899 0.387883
v -0.010339 1.893318 0.386922
v 0.074234 2.117019 0.396876
v 0.074234 2.124209 0.430734
v -0.010339 2.123203 0.434757
v -0.010339 2.117019 0.396876
v -0.021847 1.883940 0.058269
v -0.024992 1.922825 -0.016631
v -0.024992 2.033402 -0.106391
v -0.024992 2.126066 -0.064347
v 0.062726 1.883940 0.058269
v 0.059581 1.922825 -0.016631
v 0.059581 2.033402 -0.106391
v 0.059581 2.126066 -0.064347
v -0.024992 2.279718 0.057955
v 0.059581 2.279718 0.057955
v -0.024992 2.374980 0.084193
v 0.059581 2.374980 0.084193
v -0.024992 2.482719 0.113931
v 0.059581 2.482719 0.113931
v -0.021016 2.605288 0.115939
v 0.055605 2.605288 0.115939
v -0.014301 2.701036 0.100081
v 0.048890 2.701036 0.100081
v -0.009119 2.785385 0.080344
v 0.043708 2.785385 0.080344
v 0.059581 2.154804 -0.020403
v -0.024992 2.154804 -0.020403
v -0.021847 1.932555 0.082489
v -0.024992 1.967611 0.001236
v 0.059581 1.967611 0.001236
v 0.062726 1.932555 0.082489
v -0.024992 2.048019 -0.073625
v 0.059581 2.048019 -0.073625
v -0.024992 2.103824 -0.035062
v 0.059581 2.103824 -0.035062
v 0.059581 2.126674 -0.002922
v -0.024992 2.126674 -0.002922
v -0.024992 2.262514 0.092270
v 0.059581 2.262514 0.092270
v -0.024992 2.364982 0.121467
v 0.059581 2.364982 0.121467
v -0.024992 2.479470 0.152176
v 0.059581 2.479470 0.152176
v -0.021016 2.613017 0.154628
v 0.055605 2.613017 0.154628
v -0.014301 2.715069 0.138130
v 0.048890 2.715069 0.138130
v -0.009119 2.800861 0.118114
v 0.043708 2.800861 0.118114
v -0.024992 2.017381 -0.062347
v -0.024992 1.987764 -0.087706
v 0.059581 1.987764 -0.087706
v 0.059581 2.017381 -0.062347
v -0.024992 2.081733 -0.064279
v -0.024992 2.086768 -0.095189
v 0.059581 2.086768 -0.095189
v 0.059581 2.081733 -0.064279
v -0.024992 2.000560 -0.041799
v -0.024992 1.962707 -0.063090
v 0.059581 1.962707 -0.063090
v 0.059581 2.000560 -0.041799
v -0.024992 2.202601 0.054743
v -0.024992 2.224885 0.028257
v 0.059581 2.225892 0.024235
v 0.059581 2.202601 0.054743
vt 0.688086 0.273043
vt 0.678359 0.274109
vt 0.673444 0.257598
vt 0.690169 0.257646
vt 0.536169 0.413698
vt 0.526746 0.411125
vt 0.526957 0.395604
vt 0.543399 0.396654
vt 0.516993 0.413022
vt 0.510981 0.398710
vt 0.509220 0.418937
vt 0.496131 0.405845
vt 0.139456 0.061877
vt 0.130365 0.058257
vt 0.132462 0.042862
vt 0.148595 0.047274
vt 0.120637 0.059314
vt 0.115737 0.042798
vt 0.466039 0.478305
vt 0.475441 0.480955
vt 0.475103 0.496474
vt 0.458670 0.495289
vt 0.485209 0.479138
vt 0.491103 0.493499
vt 0.493030 0.473287
vt 0.506011 0.486486
vt 0.697181 0.276655
vt 0.706306 0.262042
vt 0.673199 0.240221
vt 0.692201 0.242619
vt 0.525148 0.380621
vt 0.543882 0.378072
vt 0.507044 0.384141
vt 0.488720 0.388797
vt 0.134509 0.027838
vt 0.153462 0.030591
vt 0.115509 0.025422
vt 0.476789 0.511471
vt 0.458035 0.513866
vt 0.494921 0.508100
vt 0.513282 0.503594
vt 0.711158 0.245355
vt 0.677868 0.223638
vt 0.694255 0.227433
vt 0.521578 0.365650
vt 0.537867 0.360897
vt 0.504745 0.368923
vt 0.487861 0.370619
vt 0.136577 0.012654
vt 0.153382 0.013363
vt 0.120193 0.008843
vt 0.480236 0.526470
vt 0.463909 0.531090
vt 0.497095 0.523336
vt 0.513992 0.521778
vt 0.711062 0.228128
vt 0.681795 0.216202
vt 0.695309 0.219645
vt 0.519355 0.358043
vt 0.533140 0.353617
vt 0.503956 0.361037
vt 0.489516 0.362099
vt 0.137637 0.004866
vt 0.151579 0.005150
vt 0.124127 0.001411
vt 0.482397 0.534096
vt 0.468576 0.538408
vt 0.497820 0.531228
vt 0.512267 0.530285
vt 0.709251 0.219916
vt 0.685920 0.289059
vt 0.524852 0.427415
vt 0.128184 0.074271
vt 0.477468 0.464682
vt 0.156778 0.099910
vt 0.144165 0.095691
vt 0.147068 0.091766
vt 0.156821 0.095029
vt 0.803353 0.096533
vt 0.815899 0.092118
vt 0.816017 0.096999
vt 0.806316 0.100412
vt 0.795795 0.107476
vt 0.800472 0.108874
vt 0.796109 0.120773
vt 0.800715 0.119156
vt 0.804177 0.131347
vt 0.806953 0.127332
vt 0.816918 0.135163
vt 0.816805 0.130282
vt 0.144449 0.060868
vt 0.157130 0.056856
vt 0.157093 0.061737
vt 0.147288 0.064840
vt 0.136546 0.071566
vt 0.141177 0.073112
vt 0.141093 0.083396
vt 0.136438 0.084866
vt 0.032812 0.006542
vt 0.043269 0.005998
vt 0.076320 0.563305
vt 0.057738 0.564271
vt 0.022348 0.006933
vt 0.039144 0.564967
vt 0.011879 0.007172
vt 0.020541 0.565391
vt 0.001408 0.007258
vt 0.001935 0.565544
vt 0.095375 0.000998
vt 0.105744 -0.000457
vt 0.187337 0.551835
vt 0.168911 0.554420
vt 0.084985 0.002301
vt 0.150448 0.556736
vt 0.074577 0.003453
vt 0.131954 0.558783
vt 0.064154 0.004454
vt 0.113432 0.560561
vt 0.094886 0.562068
vt 0.053717 0.005302
vt 0.633005 0.633017
vt 0.633751 0.654612
vt 0.616237 0.655284
vt 0.615486 0.633556
vt 0.632424 0.611418
vt 0.614901 0.611822
vt 0.632009 0.589814
vt 0.614484 0.590084
vt 0.631759 0.568208
vt 0.614233 0.568344
vt 0.631675 0.546601
vt 0.614148 0.546602
vt 0.631757 0.524994
vt 0.614230 0.524861
vt 0.632004 0.503388
vt 0.614479 0.503121
vt 0.632416 0.481785
vt 0.614894 0.481383
vt 0.632994 0.460185
vt 0.615476 0.459649
vt 0.616224 0.437920
vt 0.633738 0.438590
vt 0.391265 0.319786
vt 0.391263 0.338045
vt 0.386732 0.339517
vt 0.386734 0.318314
vt 0.479727 0.281870
vt 0.484259 0.280403
vt 0.495052 0.295294
vt 0.492247 0.299145
vt 0.401999 0.305016
vt 0.399199 0.301161
vt 0.512536 0.300997
vt 0.512531 0.305761
vt 0.419365 0.299375
vt 0.419366 0.294612
vt 0.530033 0.295334
vt 0.532829 0.299191
vt 0.436730 0.305020
vt 0.439530 0.301166
vt 0.540860 0.280468
vt 0.545389 0.281945
vt 0.447460 0.319793
vt 0.451991 0.318322
vt 0.540881 0.262077
vt 0.545413 0.260610
vt 0.447458 0.338052
vt 0.451988 0.339525
vt 0.530088 0.247186
vt 0.532892 0.243335
vt 0.436724 0.352823
vt 0.439523 0.356677
vt 0.512603 0.241483
vt 0.512609 0.236719
vt 0.419358 0.358463
vt 0.419357 0.363227
vt 0.495106 0.247146
vt 0.492311 0.243289
vt 0.401993 0.352818
vt 0.399193 0.356672
vt 0.484280 0.262013
vt 0.479751 0.260535
vt 0.668833 0.255019
vt 0.666037 0.273550
vt 0.571909 0.261400
vt 0.575310 0.238857
vt 0.672418 0.236626
vt 0.579671 0.216480
vt 0.668818 0.404221
vt 0.672400 0.422616
vt 0.579649 0.442743
vt 0.575292 0.420365
vt 0.666026 0.385691
vt 0.571895 0.397822
vt 0.664029 0.367057
vt 0.569465 0.375154
vt 0.662829 0.348356
vt 0.568006 0.352403
vt 0.662431 0.329620
vt 0.567521 0.329610
vt 0.662833 0.310884
vt 0.568011 0.306818
vt 0.664036 0.292183
vt 0.569474 0.284067
vt 0.825511 0.703415
vt 0.825507 0.674370
vt 0.842861 0.674367
vt 0.842866 0.703412
vt 0.825471 0.442009
vt 0.825467 0.412964
vt 0.842822 0.412961
vt 0.842826 0.442007
vt 0.825476 0.471054
vt 0.842830 0.471052
vt 0.825480 0.500099
vt 0.842835 0.500097
vt 0.825484 0.529144
vt 0.842839 0.529142
vt 0.825489 0.558190
vt 0.842844 0.558187
vt 0.825493 0.587235
vt 0.842848 0.587232
vt 0.825498 0.616280
vt 0.842852 0.616277
vt 0.825502 0.645325
vt 0.842857 0.645322
vt 0.726063 0.465734
vt 0.719316 0.441357
vt 0.771081 0.428688
vt 0.776975 0.449983
vt 0.719305 0.240921
vt 0.726050 0.216544
vt 0.776964 0.232289
vt 0.771072 0.253585
vt 0.714035 0.265659
vt 0.766467 0.275196
vt 0.710257 0.290668
vt 0.763167 0.297044
vt 0.707985 0.315858
vt 0.761182 0.319051
vt 0.707227 0.341140
vt 0.760521 0.341137
vt 0.707987 0.366421
vt 0.761184 0.363223
vt 0.710262 0.391612
vt 0.763171 0.385230
vt 0.714042 0.416620
vt 0.766474 0.407077
vt 0.534516 0.565842
vt 0.547875 0.598662
vt 0.533639 0.599357
vt 0.524023 0.574511
vt 0.504793 0.547130
vt 0.501466 0.560331
vt 0.469774 0.549468
vt 0.474848 0.562127
vt 0.442814 0.571918
vt 0.454366 0.579174
vt 0.434206 0.605906
vt 0.447805 0.604980
vt 0.447206 0.638399
vt 0.457657 0.629675
vt 0.476804 0.657060
vt 0.480147 0.643846
vt 0.511768 0.654788
vt 0.506706 0.642117
vt 0.538546 0.632390
vt 0.527141 0.625143
vt 0.865695 0.574256
vt 0.860043 0.553867
vt 0.865774 0.554211
vt 0.870259 0.571187
vt 0.882025 0.587425
vt 0.883900 0.582258
vt 0.902906 0.588486
vt 0.901366 0.583218
vt 0.920269 0.577103
vt 0.915932 0.573761
vt 0.927420 0.557853
vt 0.922159 0.557556
vt 0.922536 0.537914
vt 0.917839 0.540728
vt 0.906681 0.524570
vt 0.904524 0.529615
vt 0.885858 0.523152
vt 0.887102 0.528506
vt 0.872267 0.537885
vt 0.868098 0.534295
vt 0.465319 0.430882
vt 0.452188 0.412767
vt 0.458026 0.404752
vt 0.474753 0.427828
vt 0.479473 0.227921
vt 0.488801 0.240757
vt 0.474212 0.260841
vt 0.459121 0.255939
vt 0.465294 0.453255
vt 0.474721 0.456330
vt 0.474214 0.285664
vt 0.459124 0.290569
vt 0.452123 0.471341
vt 0.457943 0.479369
vt 0.488806 0.305746
vt 0.479481 0.318583
vt 0.430838 0.478230
vt 0.430826 0.488147
vt 0.512416 0.313415
vt 0.512417 0.329282
vt 0.409567 0.471293
vt 0.403730 0.479309
vt 0.536024 0.305742
vt 0.545351 0.318578
vt 0.396437 0.453178
vt 0.387003 0.456232
vt 0.550613 0.285658
vt 0.565704 0.290560
vt 0.396462 0.430806
vt 0.387035 0.427731
vt 0.550611 0.260834
vt 0.565701 0.255930
vt 0.409632 0.412720
vt 0.403813 0.404691
vt 0.536018 0.240753
vt 0.545344 0.227915
vt 0.430918 0.405830
vt 0.430929 0.395914
vt 0.512409 0.233084
vt 0.512408 0.217217
vt 0.301981 0.319950
vt 0.301987 0.355241
vt 0.284422 0.355244
vt 0.284417 0.319953
vt 0.301976 0.284659
vt 0.284411 0.284662
vt 0.301970 0.249368
vt 0.284406 0.249371
vt 0.301965 0.214078
vt 0.284400 0.214080
vt 0.301960 0.178787
vt 0.284395 0.178790
vt 0.301954 0.143496
vt 0.284390 0.143499
vt 0.301949 0.108205
vt 0.284384 0.108208
vt 0.301943 0.072915
vt 0.284379 0.072917
vt 0.301938 0.037624
vt 0.284373 0.037627
vt 0.284368 0.002336
vt 0.301932 0.002333
vt 0.392529 0.300847
vt 0.375639 0.323804
vt 0.366226 0.320684
vt 0.386748 0.292790
vt 0.419688 0.292201
vt 0.419747 0.282285
vt 0.446741 0.301171
vt 0.452617 0.293183
vt 0.463356 0.324329
vt 0.472805 0.321321
vt 0.463185 0.352830
vt 0.472598 0.355950
vt 0.446295 0.375787
vt 0.452076 0.383844
vt 0.419136 0.384432
vt 0.419077 0.394349
vt 0.392083 0.375463
vt 0.386206 0.383451
vt 0.375468 0.352305
vt 0.366019 0.355313
vt 0.880226 0.335961
vt 0.859589 0.342617
vt 0.849877 0.329186
vt 0.880263 0.319385
vt 0.900834 0.342707
vt 0.910606 0.329318
vt 0.913541 0.360277
vt 0.929317 0.355189
vt 0.913494 0.381960
vt 0.929247 0.387117
vt 0.900710 0.399475
vt 0.910424 0.412906
vt 0.880074 0.406130
vt 0.880038 0.422706
vt 0.859466 0.399385
vt 0.849694 0.412774
vt 0.846759 0.381815
vt 0.830983 0.386903
vt 0.846806 0.360132
vt 0.831052 0.354974
vt 0.113592 0.609721
vt 0.117211 0.632299
vt 0.106145 0.638427
vt 0.100351 0.607660
vt 0.123726 0.589279
vt 0.115092 0.580133
vt 0.144285 0.579027
vt 0.142688 0.566465
vt 0.166818 0.582693
vt 0.172982 0.571595
vt 0.182744 0.598799
vt 0.194245 0.593449
vt 0.186214 0.621165
vt 0.198086 0.623145
vt 0.175824 0.641261
vt 0.185042 0.650003
vt 0.155774 0.651650
vt 0.158253 0.664107
vt 0.133397 0.648263
vt 0.128118 0.659773
vt 0.516715 0.338729
vt 0.516690 0.347392
vt 0.491416 0.355523
vt 0.486344 0.348500
vt 0.475748 0.376958
vt 0.467516 0.374257
vt 0.475671 0.403509
vt 0.467424 0.406162
vt 0.491215 0.425034
vt 0.486103 0.432027
vt 0.516442 0.433311
vt 0.516417 0.441974
vt 0.541717 0.425179
vt 0.546789 0.432202
vt 0.557385 0.403745
vt 0.565616 0.406445
vt 0.557462 0.377194
vt 0.565708 0.374541
vt 0.541918 0.355669
vt 0.547030 0.348675
vt 0.933542 0.453479
vt 0.919620 0.434276
vt 0.922357 0.430554
vt 0.937965 0.452084
vt 0.933517 0.477197
vt 0.937937 0.478676
vt 0.919555 0.496371
vt 0.922284 0.500174
vt 0.896990 0.503677
vt 0.896985 0.508365
vt 0.874440 0.496324
vt 0.871702 0.500121
vt 0.860519 0.477121
vt 0.856094 0.478591
vt 0.860544 0.453403
vt 0.856122 0.451998
vt 0.874505 0.434229
vt 0.871776 0.430501
vt 0.897070 0.426923
vt 0.897075 0.422310
vt 0.531376 0.412396
vt 0.534999 0.396163
vt 0.534556 0.379249
vt 0.529552 0.363161
vt 0.526428 0.355753
vt 0.810547 0.133255
vt 0.811646 0.129587
vt 0.090182 0.001669
vt 0.159684 0.555612
vt 0.448905 0.328923
vt 0.631695 0.535798
vt 0.453669 0.328923
vt 0.614168 0.535732
vt 0.540521 0.250981
vt 0.536663 0.253777
vt 0.663329 0.357713
vt 0.568614 0.363786
vt 0.401568 0.463276
vt 0.825487 0.543667
vt 0.393539 0.469095
vt 0.842841 0.543664
vt 0.456558 0.365646
vt 0.301957 0.161142
vt 0.464546 0.371522
vt 0.557746 0.306181
vt 0.284392 0.161144
vt 0.707416 0.328494
vt 0.544909 0.296855
vt 0.760686 0.330089
vt 0.890919 0.404437
vt 0.437380 0.623478
vt 0.896006 0.420210
vt 0.450977 0.617971
vt 0.532377 0.439493
vt 0.182533 0.631996
vt 0.529724 0.431247
vt 0.193800 0.637591
vt 0.910283 0.506273
vt 0.926583 0.547518
vt 0.908851 0.501811
vt 0.921282 0.548801
vt 0.521880 0.412130
vt 0.518989 0.397258
vt 0.516049 0.382137
vt 0.513069 0.366813
vt 0.511597 0.359240
vt 0.800143 0.126060
vt 0.803187 0.123737
vt 0.100562 0.000289
vt 0.178129 0.553161
vt 0.443265 0.311557
vt 0.631696 0.557405
vt 0.447119 0.308757
vt 0.614170 0.557473
vt 0.547090 0.271279
vt 0.542327 0.271274
vt 0.664928 0.376385
vt 0.570559 0.386501
vt 0.419653 0.476446
vt 0.825482 0.514622
vt 0.416578 0.485874
vt 0.842837 0.514619
vt 0.465528 0.338593
vt 0.301962 0.196432
vt 0.475444 0.338652
vt 0.529732 0.326538
vt 0.284398 0.196435
vt 0.708932 0.303246
vt 0.524827 0.311448
vt 0.762009 0.308033
vt 0.908490 0.391730
vt 0.434980 0.588011
vt 0.921876 0.401501
vt 0.449190 0.591554
vt 0.500472 0.439401
vt 0.186198 0.609699
vt 0.503173 0.431170
vt 0.198648 0.608059
vt 0.883691 0.506245
vt 0.925412 0.568026
vt 0.885133 0.501787
vt 0.920294 0.566150
vt 0.513176 0.415935
vt 0.503735 0.402242
vt 0.497808 0.386394
vt 0.496419 0.369603
vt 0.496540 0.361564
vt 0.795952 0.114125
vt 0.799780 0.114034
vt 0.006644 0.007234
vt 0.011238 0.565501
vt 0.428494 0.300823
vt 0.631863 0.579012
vt 0.429967 0.296292
vt 0.614337 0.579214
vt 0.540474 0.291562
vt 0.536624 0.288758
vt 0.667323 0.394971
vt 0.573473 0.409112
vt 0.442026 0.476471
vt 0.825478 0.485577
vt 0.445080 0.485905
vt 0.842833 0.485574
vt 0.456882 0.311434
vt 0.301968 0.231723
vt 0.464939 0.305653
vt 0.495102 0.326541
vt 0.284403 0.231726
vt 0.711958 0.278135
vt 0.500004 0.311450
vt 0.764653 0.286095
vt 0.915235 0.371122
vt 0.453952 0.557886
vt 0.931808 0.371159
vt 0.463330 0.569120
vt 0.474715 0.420574
vt 0.176079 0.589491
vt 0.481738 0.415502
vt 0.185392 0.580854
vt 0.862193 0.490592
vt 0.912516 0.584168
vt 0.865959 0.487825
vt 0.909417 0.579646
vt 0.134879 0.060063
vt 0.140441 0.045079
vt 0.144043 0.029178
vt 0.144887 0.012870
vt 0.144708 0.004958
vt 0.799574 0.102005
vt 0.802724 0.104181
vt 0.017114 0.007071
vt 0.029843 0.565213
vt 0.410235 0.300820
vt 0.632196 0.600616
vt 0.408764 0.296290
vt 0.614672 0.600953
vt 0.523200 0.304083
vt 0.521733 0.299551
vt 0.670511 0.413438
vt 0.577351 0.431577
vt 0.460141 0.463341
vt 0.825473 0.456532
vt 0.468157 0.469178
vt 0.842828 0.456529
vt 0.433925 0.294544
vt 0.301973 0.267014
vt 0.437045 0.285131
vt 0.467084 0.306188
vt 0.284409 0.267017
vt 0.716484 0.253250
vt 0.479920 0.296861
vt 0.768608 0.264356
vt 0.908579 0.350485
vt 0.487034 0.544682
vt 0.922009 0.340773
vt 0.487980 0.559297
vt 0.464944 0.390202
vt 0.155863 0.579083
vt 0.473607 0.390227
vt 0.158258 0.566630
vt 0.854003 0.465292
vt 0.892394 0.589611
vt 0.858653 0.465260
vt 0.892569 0.584121
vt 0.125533 0.058790
vt 0.124181 0.042864
vt 0.124963 0.026579
vt 0.128511 0.010640
vt 0.130799 0.003064
vt 0.809626 0.094326
vt 0.810897 0.097938
vt 0.027580 0.006756
vt 0.048442 0.564653
vt 0.395462 0.311551
vt 0.632694 0.622218
vt 0.391609 0.308750
vt 0.615173 0.622689
vt 0.501865 0.304059
vt 0.503342 0.299530
vt 0.670527 0.245803
vt 0.577371 0.227645
vt 0.467078 0.442071
vt 0.825469 0.427487
vt 0.476994 0.442082
vt 0.842824 0.427484
vt 0.405424 0.294373
vt 0.301979 0.302305
vt 0.402416 0.284924
vt 0.456380 0.273254
vt 0.284414 0.302307
vt 0.722495 0.228682
vt 0.472247 0.273253
vt 0.773858 0.242893
vt 0.891064 0.337701
vt 0.521560 0.553445
vt 0.896220 0.321950
vt 0.513720 0.565838
vt 0.474890 0.359888
vt 0.133216 0.582538
vt 0.481884 0.365000
vt 0.127814 0.571117
vt 0.862247 0.440010
vt 0.872825 0.582134
vt 0.866006 0.442710
vt 0.876216 0.577804
vt 0.470821 0.479646
vt 0.467066 0.495849
vt 0.467370 0.512765
vt 0.472242 0.528894
vt 0.475305 0.536327
vt 0.150472 0.097801
vt 0.151686 0.094170
vt 0.038041 0.006289
vt 0.067031 0.563822
vt 0.389818 0.328916
vt 0.633357 0.643815
vt 0.385054 0.328915
vt 0.615840 0.644421
vt 0.484619 0.291499
vt 0.488476 0.288704
vt 0.667336 0.264270
vt 0.573489 0.250110
vt 0.460188 0.420785
vt 0.825509 0.688893
vt 0.468217 0.414965
vt 0.842864 0.688890
vt 0.382266 0.310988
vt 0.301984 0.337595
vt 0.374278 0.305112
vt 0.467078 0.240318
vt 0.284419 0.337598
vt 0.722506 0.453596
vt 0.479916 0.249643
vt 0.773868 0.439380
vt 0.869380 0.337654
vt 0.544478 0.580927
vt 0.864294 0.321881
vt 0.530645 0.586267
vt 0.500756 0.341209
vt 0.117026 0.598681
vt 0.503409 0.349456
vt 0.105753 0.592698
vt 0.883777 0.424402
vt 0.861314 0.564542
vt 0.885209 0.428789
vt 0.866625 0.563053
vt 0.480315 0.479990
vt 0.483084 0.494885
vt 0.485900 0.510030
vt 0.488754 0.525377
vt 0.490164 0.532962
vt 0.140301 0.090279
vt 0.143418 0.088054
vt 0.048494 0.005669
vt 0.085605 0.562720
vt 0.395458 0.346282
vt 0.633345 0.449387
vt 0.391604 0.349081
vt 0.615829 0.448784
vt 0.478049 0.271201
vt 0.482813 0.271206
vt 0.664937 0.282856
vt 0.570570 0.272720
vt 0.442103 0.407614
vt 0.825504 0.659847
vt 0.445178 0.398187
vt 0.842859 0.659845
vt 0.373296 0.338041
vt 0.301935 0.019979
vt 0.363380 0.337982
vt 0.495093 0.219960
vt 0.284370 0.019981
vt 0.716493 0.429029
vt 0.499997 0.235051
vt 0.768615 0.417917
vt 0.851810 0.350362
vt 0.545910 0.616393
vt 0.838423 0.340589
vt 0.532392 0.612771
vt 0.532660 0.341301
vt 0.113578 0.621317
vt 0.529960 0.349532
vt 0.100998 0.623596
vt 0.910369 0.424430
vt 0.862595 0.543420
vt 0.908928 0.428813
vt 0.867694 0.545533
vt 0.489050 0.476256
vt 0.498379 0.490027
vt 0.504175 0.505922
vt 0.505426 0.522724
vt 0.505240 0.530762
vt 0.136492 0.078216
vt 0.140321 0.078247
vt 0.058937 0.004897
vt 0.104162 0.561348
vt 0.410228 0.357016
vt 0.632685 0.470984
vt 0.408756 0.361546
vt 0.615164 0.470515
vt 0.484665 0.250918
vt 0.488516 0.253722
vt 0.663335 0.301527
vt 0.568621 0.295435
vt 0.419730 0.407589
vt 0.825500 0.630802
vt 0.416676 0.398155
vt 0.842855 0.630800
vt 0.381942 0.365200
vt 0.301940 0.055269
vt 0.373885 0.370981
vt 0.529723 0.219958
vt 0.284376 0.055272
vt 0.711964 0.404144
vt 0.524821 0.235049
vt 0.764659 0.396178
vt 0.845064 0.370970
vt 0.527536 0.646410
vt 0.828491 0.370934
vt 0.518204 0.635157
vt 0.558417 0.360129
vt 0.124051 0.641575
vt 0.551395 0.365201
vt 0.115472 0.650863
vt 0.931866 0.440083
vt 0.876106 0.527316
vt 0.928102 0.442775
vt 0.878956 0.532020
vt 0.692602 0.274844
vt 0.698150 0.259855
vt 0.701737 0.243951
vt 0.702566 0.227642
vt 0.702380 0.219730
vt 0.140498 0.066217
vt 0.143578 0.068492
vt 0.069367 0.003973
vt 0.122696 0.559706
vt 0.428487 0.357018
vt 0.632189 0.492586
vt 0.429959 0.361549
vt 0.614665 0.492251
vt 0.501940 0.238397
vt 0.503406 0.242929
vt 0.662532 0.320250
vt 0.567644 0.318211
vt 0.401615 0.420720
vt 0.825496 0.601757
vt 0.393599 0.414882
vt 0.842850 0.601755
vt 0.404899 0.382090
vt 0.301946 0.090560
vt 0.401779 0.391503
vt 0.557741 0.240310
vt 0.284381 0.090563
vt 0.708936 0.379034
vt 0.544905 0.249638
vt 0.762013 0.374241
vt 0.851721 0.391607
vt 0.494529 0.659541
vt 0.838292 0.401319
vt 0.493606 0.644912
vt 0.568189 0.390500
vt 0.144328 0.651730
vt 0.559526 0.390475
vt 0.142859 0.664328
vt 0.940057 0.465382
vt 0.896397 0.522209
vt 0.935407 0.465340
vt 0.895915 0.527680
vt 0.683255 0.273580
vt 0.681887 0.257655
vt 0.682654 0.241370
vt 0.686187 0.225427
vt 0.688468 0.217849
vt 0.150789 0.058862
vt 0.151945 0.062513
vt 0.079783 0.002896
vt 0.141205 0.557794
vt 0.443261 0.346287
vt 0.631859 0.514191
vt 0.447114 0.349088
vt 0.614334 0.513991
vt 0.523274 0.238421
vt 0.521797 0.242950
vt 0.662530 0.338990
vt 0.567642 0.341009
vt 0.394678 0.441990
vt 0.825491 0.572712
vt 0.384762 0.441979
vt 0.842846 0.572709
vt 0.433400 0.382261
vt 0.301951 0.125851
vt 0.436408 0.391710
vt 0.568445 0.273245
vt 0.284387 0.125854
vt 0.707418 0.353786
vt 0.552578 0.273246
vt 0.760687 0.352185
vt 0.869236 0.404390
vt 0.460101 0.650746
vt 0.864080 0.420141
vt 0.467932 0.638331
vt 0.558242 0.420815
vt 0.166621 0.648039
vt 0.551249 0.415703
vt 0.172790 0.659157
vt 0.931813 0.490665
vt 0.915688 0.529993
vt 0.928054 0.487890
vt 0.912075 0.534115
vt 0.500000 0.047619
vt 0.500000 0.047619
vt 0.500000 0.047619
vt 0.500000 0.047619
vt 0.500000 0.047619
vt 0.500000 0.047619
vt 0.500000 0.047619
vt 0.500000 0.047619
vt 0.500000 0.047619
vt 0.500000 0.047619
vt 0.500000 0.047619
vt 0.500000 0.047619
vt 0.500000 0.047619
vt 0.500000 0.047619
vt 0.500000 0.047619
vt 0.500000 0.047619
vt 0.500000 0.047619
vt 0.500000 0.047619
vt 0.500000 0.047619
vt 0.500000 0.047619
vt 0.500000 0.047619
vt 0.736769 0.677767
vt 0.736769 0.464530
vt 0.755484 0.464530
vt 0.755484 0.677767
vt 0.578005 0.214476
vt 0.364768 0.214476
vt 0.364768 0.001238
vt 0.578005 0.001239
vt 0.715633 0.695313
vt 0.715633 0.482076
vt 0.734347 0.482076
vt 0.734347 0.695313
vt 0.793597 0.214476
vt 0.580360 0.214476
vt 0.580360 0.001238
vt 0.793597 0.001239
vt 0.776620 0.457906
vt 0.776620 0.671144
vt 0.757906 0.671144
vt 0.757906 0.457906
vt 0.404619 0.482905
vt 0.404619 0.696143
vt 0.385904 0.696143
vt 0.385904 0.482905
vt 0.318028 0.130753
vt 0.305586 0.130753
vt 0.305586 0.114564
vt 0.318028 0.114564
vt 0.305586 0.098375
vt 0.318028 0.098375
vt 0.305586 0.082185
vt 0.318028 0.082185
vt 0.305586 0.065996
vt 0.318028 0.065996
vt 0.305586 0.049807
vt 0.318028 0.049807
vt 0.305586 0.033617
vt 0.318028 0.033617
vt 0.305586 0.017428
vt 0.318028 0.017428
vt 0.305586 0.001239
vt 0.318028 0.001239
vt 0.318028 0.195510
vt 0.305586 0.195510
vt 0.305586 0.179321
vt 0.318028 0.179321
vt 0.305586 0.163131
vt 0.318028 0.163131
vt 0.305586 0.146942
vt 0.318028 0.146942
vt 0.258655 0.146955
vt 0.258663 0.124861
vt 0.271238 0.124865
vt 0.271229 0.146960
vt 0.258580 0.345805
vt 0.258588 0.323710
vt 0.271163 0.323715
vt 0.271155 0.345809
vt 0.258597 0.301616
vt 0.271171 0.301620
vt 0.258605 0.279521
vt 0.271179 0.279526
vt 0.258613 0.257427
vt 0.271188 0.257432
vt 0.258622 0.235332
vt 0.271196 0.235337
vt 0.258630 0.213238
vt 0.271204 0.213243
vt 0.258638 0.191144
vt 0.271213 0.191149
vt 0.258646 0.169050
vt 0.271221 0.169054
vt 0.635314 0.478609
vt 0.645900 0.475773
vt 0.653994 0.489793
vt 0.646245 0.497542
vt 0.542587 0.437990
vt 0.545423 0.448576
vt 0.531403 0.456671
vt 0.523654 0.448921
vt 0.668014 0.497888
vt 0.665178 0.508473
vt 0.564449 0.437991
vt 0.561612 0.448576
vt 0.684204 0.497888
vt 0.687040 0.508473
vt 0.583382 0.448921
vt 0.575633 0.456671
vt 0.698224 0.489793
vt 0.705973 0.497543
vt 0.594313 0.467854
vt 0.583727 0.470691
vt 0.706319 0.475773
vt 0.716904 0.478609
vt 0.594313 0.489717
vt 0.583728 0.486880
vt 0.706319 0.459584
vt 0.716904 0.456747
vt 0.583382 0.508650
vt 0.575633 0.500900
vt 0.698224 0.445563
vt 0.705973 0.437814
vt 0.564449 0.519581
vt 0.561613 0.508995
vt 0.684204 0.437468
vt 0.687040 0.426883
vt 0.542587 0.519581
vt 0.545423 0.508995
vt 0.668015 0.437468
vt 0.665179 0.426883
vt 0.523654 0.508650
vt 0.531403 0.500900
vt 0.653995 0.445563
vt 0.646245 0.437814
vt 0.512723 0.489716
vt 0.523308 0.486880
vt 0.645900 0.459583
vt 0.635314 0.456747
vt 0.512723 0.467854
vt 0.523308 0.470691
vt 0.839380 0.208619
vt 0.818363 0.201644
vt 0.814642 0.137935
vt 0.840773 0.142989
vt 0.886163 0.107091
vt 0.907219 0.100248
vt 0.908233 0.167029
vt 0.882075 0.171913
vt 0.270851 0.058215
vt 0.254821 0.059476
vt 0.796670 0.206089
vt 0.794575 0.140252
vt 0.270718 0.412681
vt 0.254689 0.411412
vt 0.864507 0.102490
vt 0.862027 0.169455
vt 0.936745 0.079235
vt 0.936214 0.049832
vt 0.962353 0.049334
vt 0.962883 0.078754
vt 0.935633 0.018773
vt 0.961796 0.018201
vt 0.935071 -0.003600
vt 0.961384 -0.004363
vt 0.779152 0.658212
vt 0.779121 0.626856
vt 0.805275 0.626831
vt 0.805305 0.658186
vt 0.805219 0.570552
vt 0.779066 0.570578
vt 0.778804 0.304144
vt 0.804958 0.304119
vt 0.969611 0.447536
vt 0.943471 0.448013
vt 0.937900 0.142719
vt 0.964040 0.142242
vt 0.317664 0.470537
vt 0.317173 0.440818
vt 0.343316 0.440386
vt 0.343807 0.470105
vt 0.318127 0.498527
vt 0.344270 0.498095
vt 0.318492 0.520546
vt 0.344635 0.520114
vt 0.319649 0.590542
vt 0.319127 0.558989
vt 0.345270 0.558556
vt 0.345792 0.590109
vt 0.351165 0.914999
vt 0.325022 0.915432
vt 0.320587 0.647242
vt 0.346730 0.646810
vt 0.342260 0.376549
vt 0.316117 0.376981
vt 0.311033 0.069587
vt 0.337176 0.069154
vt 0.302892 0.457535
vt 0.290241 0.430735
vt 0.299541 0.428117
vt 0.312192 0.454580
vt 0.235652 0.547016
vt 0.226374 0.544324
vt 0.239236 0.517626
vt 0.248513 0.520654
vt 0.244206 0.490160
vt 0.254070 0.490148
vt 0.307643 0.485039
vt 0.317506 0.485129
vt 0.245323 0.468231
vt 0.255107 0.467813
vt 0.308587 0.506976
vt 0.318367 0.507472
vt 0.288165 0.572869
vt 0.302096 0.544657
vt 0.311341 0.547781
vt 0.297414 0.575761
vt 0.239132 0.430500
vt 0.225426 0.402178
vt 0.234697 0.399360
vt 0.248402 0.427450
vt 0.213583 0.346891
vt 0.207066 0.079533
vt 0.216814 0.079019
vt 0.222859 0.344526
vt 0.208358 0.027285
vt 0.208358 0.001238
vt 0.218226 0.001238
vt 0.218226 0.027285
vt 0.267244 0.895359
vt 0.275884 0.628060
vt 0.285141 0.630499
vt 0.276988 0.895950
vt 0.278548 0.368161
vt 0.274856 0.061651
vt 0.284658 0.061434
vt 0.287848 0.365891
vt 0.936865 0.046926
vt 0.926997 0.046926
vt 0.926997 0.020879
vt 0.936865 0.020879
vt 0.217858 0.913569
vt 0.208059 0.913275
vt 0.214183 0.606803
vt 0.223465 0.609147
vt 0.778951 0.683377
vt 0.805330 0.682838
vt 0.307397 0.521805
vt 0.316966 0.523335
vt 0.318738 0.535465
vt 0.344881 0.535033
vt 0.253833 0.451940
vt 0.244252 0.453393
vt 0.825027 0.658167
vt 0.825349 0.683330
vt 0.981364 -0.004420
vt 0.981544 0.017961
vt 0.982052 0.049000
vt 0.982590 0.078400
vt 0.989322 0.447176
vt 0.983751 0.141883
vt 0.926997 0.001238
vt 0.936865 0.001238
vt 0.361973 0.376223
vt 0.356890 0.068828
vt 0.363029 0.440060
vt 0.363521 0.469778
vt 0.363984 0.497769
vt 0.364348 0.519788
vt 0.364595 0.534707
vt 0.364984 0.558231
vt 0.365505 0.589783
vt 0.370879 0.914673
vt 0.366443 0.646483
vt 0.208358 0.046926
vt 0.218226 0.046926
vt 0.824941 0.570533
vt 0.824679 0.304099
vt 0.824996 0.626811
vt 0.778728 0.227271
vt 0.778723 0.221355
vt 0.804876 0.221330
vt 0.804882 0.227246
vt 0.824598 0.221310
vt 0.824604 0.227226
vt 0.251483 0.975646
vt 0.251537 0.969712
vt 0.261403 0.969839
vt 0.261358 0.975736
vt 0.372256 0.997939
vt 0.352542 0.998265
vt 0.352444 0.992314
vt 0.372157 0.991988
vt 0.326399 0.998697
vt 0.326301 0.992746
vt 0.201816 0.005008
vt 0.191949 0.005057
vt 0.191942 -0.000877
vt 0.201818 -0.000889
vt 0.188163 0.972435
vt 0.188155 0.965286
vt 0.198020 0.965316
vt 0.198039 0.972423
vt 0.310085 0.012255
vt 0.309967 0.005086
vt 0.336110 0.004653
vt 0.336228 0.011823
vt 0.355823 0.004327
vt 0.355941 0.011497
vt 0.265232 0.009532
vt 0.255366 0.009484
vt 0.255431 0.002335
vt 0.265307 0.002425
vt 0.990493 0.511363
vt 0.970782 0.511723
vt 0.970652 0.504597
vt 0.990363 0.504237
vt 0.944642 0.512200
vt 0.944512 0.505074
vt 0.778760 0.259611
vt 0.804914 0.259585
vt 0.824636 0.259566
vt 0.251833 0.937275
vt 0.261646 0.937604
vt 0.371619 0.959458
vt 0.351906 0.959784
vt 0.325763 0.960217
vt 0.191988 0.037495
vt 0.201803 0.037244
vt 0.310353 0.028430
vt 0.336496 0.027997
vt 0.356209 0.027671
vt 0.255218 0.025612
vt 0.265061 0.025566
vt 0.990070 0.488159
vt 0.970359 0.488519
vt 0.944219 0.488996
vt 0.197977 0.949281
vt 0.188135 0.949156
vt 0.316632 0.408123
vt 0.342775 0.407691
vt 0.362489 0.407365
vt 0.284099 0.398715
vt 0.293399 0.396275
vt 0.963475 0.111272
vt 0.983185 0.110913
vt 0.937336 0.111749
vt 0.229258 0.578808
vt 0.219978 0.576294
vt 0.158622 0.001374
vt 0.189108 0.001238
vt 0.188117 0.033143
vt 0.157630 0.033279
vt 0.188204 0.052680
vt 0.157718 0.052816
vt 0.157813 0.074158
vt 0.188299 0.074022
vt 0.188356 0.086633
vt 0.157869 0.086769
vt 0.188478 0.114052
vt 0.188632 0.148420
vt 0.158145 0.148557
vt 0.157992 0.114188
vt 0.188746 0.173904
vt 0.188917 0.212312
vt 0.158431 0.212448
vt 0.158259 0.174041
vt 0.189108 0.255041
vt 0.158622 0.255177
vt 0.187890 0.303195
vt 0.160270 0.303319
vt 0.185636 0.340471
vt 0.162857 0.340573
vt 0.183910 0.372236
vt 0.164867 0.372321
vt 0.188415 0.099837
vt 0.157928 0.099973
vt 0.251527 0.001342
vt 0.252557 0.031767
vt 0.222071 0.031664
vt 0.221040 0.001238
vt 0.252482 0.053839
vt 0.221996 0.053735
vt 0.252379 0.084277
vt 0.252312 0.103934
vt 0.221826 0.103831
vt 0.221892 0.084174
vt 0.221700 0.140766
vt 0.252187 0.140869
vt 0.252115 0.171624
vt 0.221598 0.171024
vt 0.221494 0.193920
vt 0.251981 0.194103
vt 0.251767 0.229721
vt 0.221281 0.229538
vt 0.251526 0.270010
vt 0.221040 0.269828
vt 0.249828 0.314190
vt 0.222208 0.314025
vt 0.247198 0.349161
vt 0.224419 0.349024
vt 0.245143 0.380376
vt 0.226100 0.380262
vt 0.221765 0.121838
vt 0.252251 0.121942
vt 0.861658 0.001232
vt 0.868104 0.019719
vt 0.837433 0.028560
vt 0.833083 0.011732
vt 0.900720 0.321487
vt 0.905070 0.304658
vt 0.935741 0.313499
vt 0.929295 0.331987
vt 0.128039 0.098615
vt 0.147619 0.098615
vt 0.147619 0.129102
vt 0.128039 0.129102
vt 0.820544 0.038383
vt 0.814654 0.023878
vt 0.882291 0.309340
vt 0.888181 0.294835
vt 0.795951 0.047187
vt 0.807003 0.053906
vt 0.808810 0.066387
vt 0.797527 0.066780
vt 0.865164 0.266438
vt 0.876447 0.266832
vt 0.874639 0.279313
vt 0.863588 0.286032
vt 0.821173 0.094514
vt 0.828704 0.085251
vt 0.845868 0.115027
vt 0.835382 0.121790
vt 0.901535 0.211252
vt 0.913505 0.218191
vt 0.896341 0.247968
vt 0.888810 0.238704
vt 0.843506 0.142750
vt 0.856560 0.138160
vt 0.862335 0.176131
vt 0.848551 0.178009
vt 0.916188 0.155209
vt 0.929972 0.157087
vt 0.924196 0.195058
vt 0.911142 0.190469
vt 0.868104 0.218469
vt 0.854280 0.217890
vt 0.921917 0.115329
vt 0.935740 0.114749
vt 0.862900 0.266358
vt 0.849416 0.261834
vt 0.917053 0.071384
vt 0.930537 0.066861
vt 0.852335 0.302176
vt 0.839364 0.295432
vt 0.907001 0.037787
vt 0.919971 0.031043
vt 0.841260 0.331998
vt 0.828455 0.324751
vt 0.267540 0.001238
vt 0.282254 0.001238
vt 0.282254 0.020281
vt 0.267540 0.020281
vt 0.896091 0.008468
vt 0.908897 0.001221
vt 0.806767 0.082237
vt 0.818252 0.075617
vt 0.885889 0.257602
vt 0.874404 0.250982
vt 0.804711 0.031718
vt 0.812431 0.043463
vt 0.221953 0.066397
vt 0.252439 0.066501
vt 0.880067 0.289756
vt 0.872347 0.301501
vt 0.157760 0.062389
vt 0.188247 0.062253
vt 0.158622 0.001374
vt 0.189108 0.001238
vt 0.188117 0.033143
vt 0.157630 0.033279
vt 0.188204 0.052680
vt 0.157718 0.052816
vt 0.157813 0.074158
vt 0.188299 0.074022
vt 0.188356 0.086633
vt 0.157869 0.086769
vt 0.188478 0.114052
vt 0.188632 0.148420
vt 0.158145 0.148557
vt 0.157992 0.114188
vt 0.188746 0.173904
vt 0.188917 0.212312
vt 0.158431 0.212448
vt 0.158259 0.174041
vt 0.189108 0.255041
vt 0.158622 0.255177
vt 0.187890 0.303195
vt 0.160270 0.303319
vt 0.185636 0.340471
vt 0.162857 0.340573
vt 0.183910 0.372236
vt 0.164867 0.372321
vt 0.188415 0.099837
vt 0.157928 0.099973
vt 0.251526 0.001341
vt 0.252557 0.031767
vt 0.222070 0.031664
vt 0.221040 0.001238
vt 0.252482 0.053839
vt 0.221996 0.053735
vt 0.252379 0.084277
vt 0.252312 0.103934
vt 0.221826 0.103831
vt 0.221892 0.084174
vt 0.221700 0.140766
vt 0.252187 0.140869
vt 0.252115 0.171624
vt 0.221598 0.171024
vt 0.221494 0.193920
vt 0.251981 0.194103
vt 0.251767 0.229721
vt 0.221281 0.229538
vt 0.251526 0.270010
vt 0.221040 0.269828
vt 0.249828 0.314190
vt 0.222208 0.314025
vt 0.247198 0.349161
vt 0.224419 0.349024
vt 0.245143 0.380376
vt 0.226100 0.380262
vt 0.221765 0.121838
vt 0.252251 0.121942
vt 0.861658 0.001232
vt 0.868104 0.019719
vt 0.837433 0.028560
vt 0.833083 0.011732
vt 0.900720 0.321487
vt 0.905070 0.304658
vt 0.935741 0.313499
vt 0.929295 0.331987
vt 0.128039 0.098615
vt 0.147619 0.098615
vt 0.147619 0.129102
vt 0.128039 0.129102
vt 0.820544 0.038383
vt 0.814654 0.023878
vt 0.882291 0.309340
vt 0.888181 0.294835
vt 0.795951 0.047187
vt 0.807003 0.053905
vt 0.808810 0.066387
vt 0.797527 0.066780
vt 0.865164 0.266438
vt 0.876446 0.266832
vt 0.874639 0.279313
vt 0.863588 0.286032
vt 0.821173 0.094514
vt 0.828704 0.085251
vt 0.845868 0.115027
vt 0.835382 0.121790
vt 0.901535 0.211252
vt 0.913505 0.218191
vt 0.896341 0.247968
vt 0.888810 0.238704
vt 0.843506 0.142750
vt 0.856560 0.138160
vt 0.862335 0.176131
vt 0.848551 0.178009
vt 0.916188 0.155209
vt 0.929972 0.157087
vt 0.924196 0.195058
vt 0.911142 0.190469
vt 0.868104 0.218469
vt 0.854280 0.217890
vt 0.921917 0.115329
vt 0.935741 0.114749
vt 0.862900 0.266358
vt 0.849416 0.261834
vt 0.917053 0.071384
vt 0.930537 0.066861
vt 0.852335 0.302176
vt 0.839364 0.295432
vt 0.907001 0.037787
vt 0.919972 0.031043
vt 0.841260 0.331998
vt 0.828455 0.324751
vt 0.267540 0.001238
vt 0.282254 0.001238
vt 0.282254 0.020281
vt 0.267540 0.020281
vt 0.896091 0.008468
vt 0.908897 0.001221
vt 0.806767 0.082237
vt 0.818252 0.075617
vt 0.885889 0.257602
vt 0.874404 0.250982
vt 0.804711 0.031718
vt 0.812431 0.043463
vt 0.221953 0.066397
vt 0.252439 0.066501
vt 0.880067 0.289756
vt 0.872347 0.301501
vt 0.157760 0.062389
vt 0.188247 0.062253
vt 0.158622 0.001374
vt 0.189108 0.001238
vt 0.188117 0.033143
vt 0.157630 0.033279
vt 0.188204 0.052680
vt 0.157718 0.052816
vt 0.157813 0.074158
vt 0.188299 0.074022
vt 0.188356 0.086633
vt 0.157869 0.086769
vt 0.188478 0.114052
vt 0.188632 0.148420
vt 0.158145 0.148557
vt 0.157992 0.114188
vt 0.188746 0.173904
vt 0.188917 0.212312
vt 0.158431 0.212448
vt 0.158259 0.174041
vt 0.189108 0.255041
vt 0.158622 0.255177
vt 0.187890 0.303195
vt 0.160270 0.303319
vt 0.185636 0.340471
vt 0.162857 0.340573
vt 0.183910 0.372236
vt 0.164867 0.372321
vt 0.188415 0.099837
vt 0.157928 0.099973
vt 0.251526 0.001341
vt 0.252557 0.031767
vt 0.222070 0.031664
vt 0.221040 0.001238
vt 0.252482 0.053839
vt 0.221995 0.053735
vt 0.252379 0.084277
vt 0.252312 0.103934
vt 0.221826 0.103831
vt 0.221892 0.084174
vt 0.221700 0.140766
vt 0.252187 0.140869
vt 0.252115 0.171625
vt 0.221598 0.171024
vt 0.221494 0.193920
vt 0.251981 0.194103
vt 0.251767 0.229721
vt 0.221281 0.229538
vt 0.251526 0.270010
vt 0.221040 0.269828
vt 0.249828 0.314190
vt 0.222208 0.314025
vt 0.247198 0.349160
vt 0.224419 0.349024
vt 0.245143 0.380376
vt 0.226100 0.380262
vt 0.221765 0.121838
vt 0.252251 0.121942
vt 0.861658 0.001232
vt 0.868104 0.019719
vt 0.837433 0.028560
vt 0.833083 0.011732
vt 0.900720 0.321487
vt 0.905070 0.304658
vt 0.935741 0.313499
vt 0.929295 0.331987
vt 0.128039 0.098615
vt 0.147619 0.098615
vt 0.147619 0.129102
vt 0.128039 0.129102
vt 0.820544 0.038383
vt 0.814654 0.023878
vt 0.882291 0.309340
vt 0.888181 0.294835
vt 0.795951 0.047187
vt 0.807003 0.053905
vt 0.808810 0.066387
vt 0.797527 0.066780
vt 0.865164 0.266438
vt 0.876447 0.266832
vt 0.874639 0.279313
vt 0.863588 0.286032
vt 0.821173 0.094514
vt 0.828704 0.085251
vt 0.845868 0.115027
vt 0.835382 0.121790
vt 0.901535 0.211252
vt 0.913505 0.218191
vt 0.896341 0.247968
vt 0.888810 0.238704
vt 0.843506 0.142750
vt 0.856560 0.138160
vt 0.862335 0.176131
vt 0.848551 0.178009
vt 0.916188 0.155209
vt 0.929972 0.157087
vt 0.924196 0.195058
vt 0.911142 0.190469
vt 0.868104 0.218469
vt 0.854280 0.217890
vt 0.921917 0.115329
vt 0.935740 0.114749
vt 0.862900 0.266358
vt 0.849416 0.261834
vt 0.917053 0.071384
vt 0.930537 0.066861
vt 0.852335 0.302175
vt 0.839364 0.295432
vt 0.907001 0.037787
vt 0.919971 0.031043
vt 0.841260 0.331998
vt 0.828455 0.324751
vt 0.267540 0.001238
vt 0.282254 0.001238
vt 0.282254 0.020281
vt 0.267540 0.020281
vt 0.896091 0.008468
vt 0.908897 0.001221
vt 0.806767 0.082237
vt 0.818252 0.075617
vt 0.885889 0.257602
vt 0.874404 0.250982
vt 0.804711 0.031718
vt 0.812431 0.043463
vt 0.221953 0.066397
vt 0.252439 0.066501
vt 0.880067 0.289756
vt 0.872347 0.301501
vt 0.157760 0.062389
vt 0.188247 0.062253
vt 0.158622 0.001374
vt 0.189108 0.001238
vt 0.188117 0.033143
vt 0.157630 0.033279
vt 0.188204 0.052680
vt 0.157718 0.052816
vt 0.157813 0.074158
vt 0.188299 0.074022
vt 0.188356 0.086633
vt 0.157869 0.086769
vt 0.188478 0.114052
vt 0.188632 0.148420
vt 0.158145 0.148557
vt 0.157992 0.114188
vt 0.188746 0.173904
vt 0.188917 0.212312
vt 0.158431 0.212448
vt 0.158259 0.174041
vt 0.189108 0.255040
vt 0.158622 0.255177
vt 0.187890 0.303195
vt 0.160270 0.303319
vt 0.185636 0.340471
vt 0.162857 0.340573
vt 0.183910 0.372236
vt 0.164867 0.372321
vt 0.188415 0.099837
vt 0.157928 0.099973
vt 0.251526 0.001342
vt 0.252557 0.031767
vt 0.222070 0.031664
vt 0.221040 0.001238
vt 0.252482 0.053839
vt 0.221996 0.053735
vt 0.252379 0.084277
vt 0.252312 0.103934
vt 0.221826 0.103831
vt 0.221892 0.084174
vt 0.221700 0.140766
vt 0.252187 0.140869
vt 0.252115 0.171625
vt 0.221598 0.171024
vt 0.221494 0.193920
vt 0.251981 0.194103
vt 0.251767 0.229721
vt 0.221281 0.229538
vt 0.251526 0.270010
vt 0.221040 0.269828
vt 0.249828 0.314190
vt 0.222208 0.314025
vt 0.247198 0.349160
vt 0.224419 0.349024
vt 0.245143 0.380376
vt 0.226100 0.380262
vt 0.221765 0.121838
vt 0.252251 0.121942
vt 0.861658 0.001232
vt 0.868104 0.019719
vt 0.837433 0.028560
vt 0.833083 0.011732
vt 0.900720 0.321487
vt 0.905070 0.304658
vt 0.935741 0.313499
vt 0.929295 0.331987
vt 0.128039 0.098615
vt 0.147619 0.098615
vt 0.147619 0.129102
vt 0.128039 0.129102
vt 0.820544 0.038383
vt 0.814654 0.023878
vt 0.882291 0.309340
vt 0.888181 0.294835
vt 0.795951 0.047187
vt 0.807003 0.053906
vt 0.808810 0.066387
vt 0.797527 0.066780
vt 0.865164 0.266438
vt 0.876447 0.266832
vt 0.874639 0.279313
vt 0.863588 0.286032
vt 0.821173 0.094514
vt 0.828704 0.085251
vt 0.845868 0.115027
vt 0.835382 0.121790
vt 0.901535 0.211252
vt 0.913505 0.218191
vt 0.896341 0.247968
vt 0.888810 0.238704
vt 0.843506 0.142750
vt 0.856560 0.138160
vt 0.862335 0.176131
vt 0.848551 0.178009
vt 0.916188 0.155209
vt 0.929972 0.157087
vt 0.924196 0.195058
vt 0.911142 0.190469
vt 0.868104 0.218469
vt 0.854280 0.217890
vt 0.921917 0.115329
vt 0.935740 0.114749
vt 0.862900 0.266358
vt 0.849416 0.261834
vt 0.917053 0.071384
vt 0.930537 0.066861
vt 0.852335 0.302176
vt 0.839364 0.295432
vt 0.907001 0.037787
vt 0.919971 0.031043
vt 0.841260 0.331997
vt 0.828455 0.324751
vt 0.267540 0.001238
vt 0.282254 0.001238
vt 0.282254 0.020281
vt 0.267540 0.020281
vt 0.896091 0.008468
vt 0.908897 0.001221
vt 0.806767 0.082237
vt 0.818252 0.075617
vt 0.885889 0.257602
vt 0.874404 0.250982
vt 0.804711 0.031718
vt 0.812431 0.043463
vt 0.221953 0.066397
vt 0.252439 0.066501
vt 0.880067 0.289756
vt 0.872348 0.301501
vt 0.157760 0.062389
vt 0.188247 0.062253
vt 0.158622 0.001374
vt 0.189108 0.001238
vt 0.188117 0.033143
vt 0.157630 0.033279
vt 0.188204 0.052680
vt 0.157718 0.052816
vt 0.157813 0.074158
vt 0.188299 0.074022
vt 0.188356 0.086633
vt 0.157869 0.086769
vt 0.188478 0.114052
vt 0.188632 0.148420
vt 0.158145 0.148557
vt 0.157992 0.114188
vt 0.188746 0.173904
vt 0.188917 0.212312
vt 0.158431 0.212448
vt 0.158259 0.174041
vt 0.189108 0.255041
vt 0.158622 0.255177
vt 0.187890 0.303195
vt 0.160270 0.303319
vt 0.185636 0.340471
vt 0.162857 0.340573
vt 0.183910 0.372236
vt 0.164867 0.372321
vt 0.188415 0.099837
vt 0.157928 0.099973
vt 0.251526 0.001341
vt 0.252557 0.031767
vt 0.222070 0.031664
vt 0.221040 0.001238
vt 0.252482 0.053839
vt 0.221996 0.053735
vt 0.252379 0.084277
vt 0.252312 0.103934
vt 0.221826 0.103831
vt 0.221892 0.084174
vt 0.221700 0.140766
vt 0.252187 0.140869
vt 0.252115 0.171625
vt 0.221598 0.171024
vt 0.221494 0.193920
vt 0.251981 0.194103
vt 0.251767 0.229721
vt 0.221281 0.229538
vt 0.251526 0.270010
vt 0.221040 0.269827
vt 0.249828 0.314190
vt 0.222208 0.314025
vt 0.247198 0.349161
vt 0.224419 0.349024
vt 0.245143 0.380376
vt 0.226100 0.380262
vt 0.221765 0.121838
vt 0.252251 0.121942
vt 0.861658 0.001232
vt 0.868104 0.019719
vt 0.837433 0.028560
vt 0.833083 0.011732
vt 0.900720 0.321487
vt 0.905070 0.304658
vt 0.935741 0.313499
vt 0.929295 0.331987
vt 0.128039 0.098615
vt 0.147619 0.098615
vt 0.147619 0.129102
vt 0.128039 0.129102
vt 0.820544 0.038383
vt 0.814654 0.023878
vt 0.882291 0.309340
vt 0.888181 0.294835
vt 0.795951 0.047187
vt 0.807003 0.053905
vt 0.808810 0.066387
vt 0.797527 0.066780
vt 0.865164 0.266438
vt 0.876447 0.266832
vt 0.874639 0.279313
vt 0.863588 0.286032
vt 0.821173 0.094514
vt 0.828704 0.085251
vt 0.845868 0.115027
vt 0.835382 0.121790
vt 0.901535 0.211252
vt 0.913505 0.218191
vt 0.896341 0.247968
vt 0.888810 0.238704
vt 0.843506 0.142750
vt 0.856560 0.138160
vt 0.862335 0.176131
vt 0.848551 0.178009
vt 0.916188 0.155209
vt 0.929972 0.157087
vt 0.924196 0.195058
vt 0.911142 0.190469
vt 0.868104 0.218469
vt 0.854280 0.217890
vt 0.921917 0.115329
vt 0.935740 0.114749
vt 0.862900 0.266358
vt 0.849416 0.261834
vt 0.917053 0.071384
vt 0.930537 0.066861
vt 0.852335 0.302175
vt 0.839364 0.295432
vt 0.907001 0.037787
vt 0.919971 0.031043
vt 0.841260 0.331998
vt 0.828455 0.324751
vt 0.267540 0.001238
vt 0.282254 0.001238
vt 0.282254 0.020281
vt 0.267540 0.020281
vt 0.896091 0.008468
vt 0.908897 0.001221
vt 0.806767 0.082237
vt 0.818252 0.075617
vt 0.885889 0.257602
vt 0.874404 0.250982
vt 0.804711 0.031718
vt 0.812431 0.043463
vt 0.221953 0.066397
vt 0.252439 0.066501
vt 0.880067 0.289756
vt 0.872347 0.301501
vt 0.157760 0.062389
vt 0.188247 0.062253
vt 0.158622 0.001374
vt 0.189108 0.001238
vt 0.188117 0.033143
vt 0.157630 0.033279
vt 0.188204 0.052680
vt 0.157718 0.052816
vt 0.157813 0.074158
vt 0.188299 0.074022
vt 0.188356 0.086633
vt 0.157869 0.086769
vt 0.188478 0.114052
vt 0.188632 0.148420
vt 0.158145 0.148557
vt 0.157992 0.114188
vt 0.188746 0.173904
vt 0.188917 0.212312
vt 0.158431 0.212448
vt 0.158259 0.174041
vt 0.189108 0.255040
vt 0.158622 0.255177
vt 0.187890 0.303195
vt 0.160270 0.303319
vt 0.185636 0.340471
vt 0.162857 0.340573
vt 0.183910 0.372236
vt 0.164867 0.372321
vt 0.188415 0.099837
vt 0.157928 0.099973
vt 0.251526 0.001342
vt 0.252557 0.031767
vt 0.222070 0.031664
vt 0.221040 0.001238
vt 0.252482 0.053839
vt 0.221996 0.053735
vt 0.252379 0.084277
vt 0.252312 0.103934
vt 0.221826 0.103831
vt 0.221892 0.084174
vt 0.221700 0.140766
vt 0.252187 0.140869
vt 0.252115 0.171625
vt 0.221598 0.171024
vt 0.221494 0.193920
vt 0.251981 0.194103
vt 0.251767 0.229721
vt 0.221281 0.229538
vt 0.251526 0.270010
vt 0.221040 0.269828
vt 0.249828 0.314190
vt 0.222208 0.314025
vt 0.247198 0.349160
vt 0.224419 0.349024
vt 0.245143 0.380376
vt 0.226100 0.380262
vt 0.221765 0.121838
vt 0.252251 0.121942
vt 0.861658 0.001232
vt 0.868104 0.019719
vt 0.837433 0.028560
vt 0.833083 0.011732
vt 0.900720 0.321487
vt 0.905070 0.304658
vt 0.935741 0.313499
vt 0.929295 0.331987
vt 0.128039 0.098615
vt 0.147619 0.098615
vt 0.147619 0.129102
vt 0.128039 0.129102
vt 0.820544 0.038383
vt 0.814654 0.023878
vt 0.882291 0.309340
vt 0.888181 0.294835
vt 0.795951 0.047187
vt 0.807003 0.053906
vt 0.808810 0.066387
vt 0.797527 0.066780
vt 0.865164 0.266438
vt 0.876447 0.266832
vt 0.874639 0.279313
vt 0.863588 0.286032
vt 0.821173 0.094514
vt 0.828704 0.085251
vt 0.845868 0.115027
vt 0.835382 0.121790
vt 0.901535 0.211252
vt 0.913505 0.218191
vt 0.896341 0.247968
vt 0.888810 0.238704
vt 0.843506 0.142750
vt 0.856560 0.138160
vt 0.862335 0.176131
vt 0.848551 0.178009
vt 0.916188 0.155209
vt 0.929972 0.157087
vt 0.924196 0.195058
vt 0.911142 0.190469
vt 0.868104 0.218469
vt 0.854280 0.217890
vt 0.921917 0.115329
vt 0.935740 0.114749
vt 0.862900 0.266358
vt 0.849416 0.261834
vt 0.917053 0.071384
vt 0.930537 0.066861
vt 0.852335 0.302176
vt 0.839364 0.295432
vt 0.907001 0.037787
vt 0.919971 0.031043
vt 0.841260 0.331997
vt 0.828455 0.324751
vt 0.267540 0.001238
vt 0.282254 0.001238
vt 0.282254 0.020281
vt 0.267540 0.020281
vt 0.896091 0.008468
vt 0.908897 0.001221
vt 0.806767 0.082237
vt 0.818252 0.075617
vt 0.885889 0.257602
vt 0.874404 0.250982
vt 0.804711 0.031718
vt 0.812431 0.043463
vt 0.221953 0.066397
vt 0.252439 0.066501
vt 0.880067 0.289756
vt 0.872347 0.301501
vt 0.157760 0.062389
vt 0.188247 0.062253
vt 0.158622 0.001374
vt 0.189108 0.001238
vt 0.188117 0.033143
vt 0.157630 0.033279
vt 0.188204 0.052680
vt 0.157718 0.052816
vt 0.157813 0.074158
vt 0.188299 0.074022
vt 0.188356 0.086633
vt 0.157869 0.086769
vt 0.188478 0.114052
vt 0.188632 0.148420
vt 0.158145 0.148557
vt 0.157992 0.114188
vt 0.188746 0.173904
vt 0.188917 0.212312
vt 0.158431 0.212448
vt 0.158259 0.174041
vt 0.189108 0.255041
vt 0.158622 0.255177
vt 0.187890 0.303195
vt 0.160270 0.303319
vt 0.185636 0.340471
vt 0.162857 0.340573
vt 0.183910 0.372236
vt 0.164867 0.372321
vt 0.188415 0.099837
vt 0.157928 0.099973
vt 0.251527 0.001341
vt 0.252557 0.031767
vt 0.222070 0.031664
vt 0.221040 0.001238
vt 0.252482 0.053839
vt 0.221996 0.053735
vt 0.252379 0.084277
vt 0.252312 0.103934
vt 0.221826 0.103831
vt 0.221892 0.084174
vt 0.221700 0.140766
vt 0.252187 0.140869
vt 0.252115 0.171624
vt 0.221598 0.171024
vt 0.221494 0.193920
vt 0.251981 0.194103
vt 0.251767 0.229721
vt 0.221281 0.229538
vt 0.251526 0.270010
vt 0.221040 0.269827
vt 0.249828 0.314190
vt 0.222208 0.314025
vt 0.247198 0.349160
vt 0.224419 0.349024
vt 0.245143 0.380376
vt 0.226100 0.380262
vt 0.221765 0.121838
vt 0.252251 0.121942
vt 0.861658 0.001232
vt 0.868104 0.019719
vt 0.837433 0.028560
vt 0.833083 0.011732
vt 0.900720 0.321487
vt 0.905070 0.304658
vt 0.935741 0.313499
vt 0.929295 0.331987
vt 0.128039 0.098615
vt 0.147619 0.098615
vt 0.147619 0.129102
vt 0.128039 0.129102
vt 0.820544 0.038383
vt 0.814654 0.023878
vt 0.882291 0.309340
vt 0.888181 0.294835
vt 0.795951 0.047187
vt 0.807003 0.053906
vt 0.808810 0.066387
vt 0.797527 0.066780
vt 0.865164 0.266438
vt 0.876447 0.266832
vt 0.874639 0.279313
vt 0.863588 0.286032
vt 0.821173 0.094514
vt 0.828704 0.085251
vt 0.845868 0.115027
vt 0.835382 0.121790
vt 0.901535 0.211252
vt 0.913505 0.218191
vt 0.896341 0.247968
vt 0.888810 0.238704
vt 0.843506 0.142750
vt 0.856560 0.138160
vt 0.862335 0.176131
vt 0.848551 0.178009
vt 0.916188 0.155209
vt 0.929972 0.157087
vt 0.924196 0.195058
vt 0.911142 0.190469
vt 0.868104 0.218469
vt 0.854280 0.217890
vt 0.921916 0.115329
vt 0.935740 0.114749
vt 0.862900 0.266358
vt 0.849416 0.261834
vt 0.917053 0.071384
vt 0.930536 0.066861
vt 0.852335 0.302175
vt 0.839364 0.295432
vt 0.907001 0.037787
vt 0.919971 0.031043
vt 0.841260 0.331997
vt 0.828455 0.324751
vt 0.267540 0.001238
vt 0.282254 0.001238
vt 0.282254 0.020281
vt 0.267540 0.020281
vt 0.896091 0.008468
vt 0.908897 0.001221
vt 0.806767 0.082237
vt 0.818252 0.075617
vt 0.885889 0.257602
vt 0.874404 0.250982
vt 0.804711 0.031718
vt 0.812431 0.043463
vt 0.221953 0.066397
vt 0.252439 0.066501
vt 0.880067 0.289756
vt 0.872348 0.301501
vt 0.157760 0.062389
vt 0.188247 0.062253
vt 0.158622 0.001374
vt 0.189108 0.001238
vt 0.188117 0.033143
vt 0.157630 0.033279
vt 0.188204 0.052680
vt 0.157718 0.052816
vt 0.157813 0.074158
vt 0.188299 0.074022
vt 0.188356 0.086633
vt 0.157869 0.086769
vt 0.188478 0.114052
vt 0.188632 0.148420
vt 0.158145 0.148557
vt 0.157992 0.114188
vt 0.188746 0.173904
vt 0.188917 0.212312
vt 0.158431 0.212448
vt 0.158259 0.174041
vt 0.189108 0.255041
vt 0.158622 0.255177
vt 0.187890 0.303195
vt 0.160270 0.303319
vt 0.185636 0.340471
vt 0.162857 0.340573
vt 0.183910 0.372236
vt 0.164867 0.372321
vt 0.188415 0.099837
vt 0.157928 0.099973
vt 0.251526 0.001341
vt 0.252557 0.031767
vt 0.222070 0.031664
vt 0.221040 0.001238
vt 0.252482 0.053839
vt 0.221996 0.053735
vt 0.252379 0.084277
vt 0.252312 0.103934
vt 0.221826 0.103831
vt 0.221892 0.084174
vt 0.221700 0.140766
vt 0.252187 0.140869
vt 0.252115 0.171625
vt 0.221598 0.171024
vt 0.221494 0.193920
vt 0.251981 0.194103
vt 0.251767 0.229721
vt 0.221281 0.229538
vt 0.251526 0.270010
vt 0.221040 0.269827
vt 0.249828 0.314190
vt 0.222208 0.314025
vt 0.247198 0.349161
vt 0.224419 0.349024
vt 0.245143 0.380376
vt 0.226100 0.380262
vt 0.221765 0.121838
vt 0.252251 0.121942
vt 0.861658 0.001232
vt 0.868104 0.019719
vt 0.837433 0.028560
vt 0.833083 0.011732
vt 0.900720 0.321487
vt 0.905070 0.304658
vt 0.935741 0.313499
vt 0.929295 0.331987
vt 0.128039 0.098615
vt 0.147619 0.098615
vt 0.147619 0.129102
vt 0.128039 0.129102
vt 0.820544 0.038383
vt 0.814654 0.023878
vt 0.882291 0.309340
vt 0.888181 0.294835
vt 0.795951 0.047187
vt 0.807003 0.053905
vt 0.808810 0.066387
vt 0.797527 0.066780
vt 0.865164 0.266438
vt 0.876447 0.266832
vt 0.874639 0.279313
vt 0.863588 0.286032
vt 0.821173 0.094514
vt 0.828704 0.085251
vt 0.845868 0.115027
vt 0.835382 0.121790
vt 0.901535 0.211252
vt 0.913505 0.218191
vt 0.896341 0.247968
vt 0.888810 0.238704
vt 0.843506 0.142750
vt 0.856560 0.138160
vt 0.862335 0.176131
vt 0.848551 0.178009
vt 0.916188 0.155209
vt 0.929972 0.157087
vt 0.924196 0.195058
vt 0.911142 0.190469
vt 0.868104 0.218469
vt 0.854280 0.217890
vt 0.921917 0.115329
vt 0.935740 0.114749
vt 0.862900 0.266358
vt 0.849416 0.261834
vt 0.917053 0.071384
vt 0.930536 0.066861
vt 0.852335 0.302175
vt 0.839364 0.295432
vt 0.907001 0.037787
vt 0.919971 0.031043
vt 0.841260 0.331998
vt 0.828455 0.324751
vt 0.267540 0.001238
vt 0.282254 0.001238
vt 0.282254 0.020281
vt 0.267540 0.020281
vt 0.896091 0.008468
vt 0.908897 0.001221
vt 0.806767 0.082237
vt 0.818252 0.075617
vt 0.885889 0.257602
vt 0.874404 0.250982
vt 0.804711 0.031718
vt 0.812431 0.043463
vt 0.221953 0.066397
vt 0.252439 0.066501
vt 0.880067 0.289756
vt 0.872347 0.301501
vt 0.157760 0.062389
vt 0.188247 0.062253
vt 0.158622 0.001374
vt 0.189108 0.001238
vt 0.188117 0.033143
vt 0.157630 0.033279
vt 0.188204 0.052680
vt 0.157718 0.052816
vt 0.157813 0.074158
vt 0.188299 0.074022
vt 0.188356 0.086633
vt 0.157869 0.086769
vt 0.188478 0.114052
vt 0.188632 0.148420
vt 0.158145 0.148557
vt 0.157992 0.114188
vt 0.188746 0.173904
vt 0.188917 0.212312
vt 0.158431 0.212448
vt 0.158259 0.174041
vt 0.189108 0.255041
vt 0.158622 0.255177
vt 0.187890 0.303195
vt 0.160270 0.303319
vt 0.185636 0.340471
vt 0.162857 0.340573
vt 0.183910 0.372236
vt 0.164867 0.372321
vt 0.188415 0.099837
vt 0.157928 0.099973
vt 0.251526 0.001342
vt 0.252557 0.031767
vt 0.222070 0.031664
vt 0.221040 0.001238
vt 0.252482 0.053839
vt 0.221996 0.053735
vt 0.252379 0.084277
vt 0.252312 0.103934
vt 0.221826 0.103831
vt 0.221892 0.084174
vt 0.221700 0.140766
vt 0.252187 0.140869
vt 0.252115 0.171625
vt 0.221598 0.171024
vt 0.221494 0.193920
vt 0.251981 0.194103
vt 0.251767 0.229721
vt 0.221281 0.229538
vt 0.251526 0.270010
vt 0.221040 0.269827
vt 0.249828 0.314190
vt 0.222208 0.314025
vt 0.247198 0.349160
vt 0.224419 0.349024
vt 0.245143 0.380376
vt 0.226100 0.380262
vt 0.221765 0.121838
vt 0.252251 0.121942
vt 0.861658 0.001232
vt 0.868104 0.019719
vt 0.837433 0.028560
vt 0.833083 0.011732
vt 0.900720 0.321487
vt 0.905070 0.304658
vt 0.935741 0.313499
vt 0.929295 0.331987
vt 0.128039 0.098615
vt 0.147619 0.098615
vt 0.147619 0.129102
vt 0.128039 0.129102
vt 0.820544 0.038383
vt 0.814654 0.023878
vt 0.882291 0.309340
vt 0.888181 0.294835
vt 0.795951 0.047187
vt 0.807003 0.053905
vt 0.808810 0.066387
vt 0.797527 0.066780
vt 0.865164 0.266438
vt 0.876447 0.266832
vt 0.874639 0.279313
vt 0.863588 0.286032
vt 0.821173 0.094514
vt 0.828704 0.085251
vt 0.845868 0.115027
vt 0.835383 0.121790
vt 0.901535 0.211252
vt 0.913505 0.218191
vt 0.896341 0.247968
vt 0.888810 0.238704
vt 0.843506 0.142750
vt 0.856560 0.138160
vt 0.862335 0.176131
vt 0.848551 0.178009
vt 0.916188 0.155209
vt 0.929972 0.157087
vt 0.924196 0.195058
vt 0.911142 0.190469
vt 0.868104 0.218469
vt 0.854280 0.217890
vt 0.921917 0.115329
vt 0.935740 0.114749
vt 0.862900 0.266358
vt 0.849416 0.261834
vt 0.917053 0.071384
vt 0.930536 0.066861
vt 0.852335 0.302176
vt 0.839364 0.295432
vt 0.907001 0.037787
vt 0.919971 0.031043
vt 0.841260 0.331998
vt 0.828455 0.324751
vt 0.267540 0.001238
vt 0.282254 0.001238
vt 0.282254 0.020281
vt 0.267540 0.020281
vt 0.896091 0.008468
vt 0.908897 0.001221
vt 0.806767 0.082237
vt 0.818252 0.075617
vt 0.885889 0.257602
vt 0.874404 0.250982
vt 0.804711 0.031718
vt 0.812431 0.043463
vt 0.221953 0.066397
vt 0.252439 0.066501
vt 0.880067 0.289756
vt 0.872348 0.301501
vt 0.157760 0.062389
vt 0.188247 0.062253
vt 0.158621 0.001374
vt 0.189108 0.001238
vt 0.188117 0.033143
vt 0.157630 0.033279
vt 0.188204 0.052680
vt 0.157718 0.052816
vt 0.157813 0.074158
vt 0.188299 0.074022
vt 0.188356 0.086633
vt 0.157869 0.086769
vt 0.188478 0.114052
vt 0.188632 0.148420
vt 0.158145 0.148557
vt 0.157992 0.114188
vt 0.188746 0.173904
vt 0.188917 0.212312
vt 0.158431 0.212448
vt 0.158259 0.174041
vt 0.189108 0.255041
vt 0.158622 0.255177
vt 0.187890 0.303195
vt 0.160270 0.303319
vt 0.185636 0.340471
vt 0.162857 0.340573
vt 0.183910 0.372236
vt 0.164867 0.372321
vt 0.188415 0.099837
vt 0.157928 0.099973
vt 0.251527 0.001341
vt 0.252557 0.031767
vt 0.222071 0.031664
vt 0.221040 0.001238
vt 0.252482 0.053839
vt 0.221996 0.053735
vt 0.252379 0.084277
vt 0.252312 0.103934
vt 0.221826 0.103831
vt 0.221892 0.084174
vt 0.221700 0.140766
vt 0.252187 0.140869
vt 0.252115 0.171624
vt 0.221598 0.171024
vt 0.221494 0.193920
vt 0.251981 0.194103
vt 0.251767 0.229721
vt 0.221281 0.229538
vt 0.251526 0.270010
vt 0.221040 0.269828
vt 0.249828 0.314190
vt 0.222208 0.314025
vt 0.247198 0.349161
vt 0.224419 0.349024
vt 0.245143 0.380376
vt 0.226100 0.380262
vt 0.221765 0.121838
vt 0.252251 0.121942
vt 0.861658 0.001232
vt 0.868104 0.019719
vt 0.837433 0.028560
vt 0.833083 0.011732
vt 0.900720 0.321487
vt 0.905070 0.304658
vt 0.935741 0.313499
vt 0.929295 0.331987
vt 0.128039 0.098615
vt 0.147619 0.098615
vt 0.147619 0.129102
vt 0.128039 0.129102
vt 0.820544 0.038383
vt 0.814654 0.023878
vt 0.882291 0.309340
vt 0.888181 0.294835
vt 0.795951 0.047187
vt 0.807003 0.053906
vt 0.808810 0.066387
vt 0.797527 0.066780
vt 0.865164 0.266438
vt 0.876447 0.266832
vt 0.874639 0.279313
vt 0.863588 0.286032
vt 0.821173 0.094514
vt 0.828704 0.085251
vt 0.845868 0.115027
vt 0.835382 0.121790
vt 0.901535 0.211252
vt 0.913505 0.218191
vt 0.896341 0.247968
vt 0.888810 0.238704
vt 0.843506 0.142750
vt 0.856560 0.138160
vt 0.862335 0.176131
vt 0.848551 0.178009
vt 0.916188 0.155209
vt 0.929972 0.157087
vt 0.924196 0.195058
vt 0.911142 0.190469
vt 0.868104 0.218469
vt 0.854280 0.217890
vt 0.921917 0.115329
vt 0.935740 0.114749
vt 0.862900 0.266358
vt 0.849416 0.261834
vt 0.917053 0.071384
vt 0.930536 0.066861
vt 0.852335 0.302176
vt 0.839364 0.295432
vt 0.907001 0.037787
vt 0.919971 0.031043
vt 0.841260 0.331998
vt 0.828455 0.324751
vt 0.267540 0.001238
vt 0.282254 0.001238
vt 0.282254 0.020281
vt 0.267540 0.020281
vt 0.896091 0.008468
vt 0.908897 0.001221
vt 0.806767 0.082237
vt 0.818252 0.075617
vt 0.885889 0.257602
vt 0.874404 0.250982
vt 0.804711 0.031718
vt 0.812431 0.043463
vt 0.221953 0.066397
vt 0.252439 0.066501
vt 0.880067 0.289756
vt 0.872348 0.301501
vt 0.157760 0.062389
vt 0.188247 0.062253
vt 0.158622 0.001374
vt 0.189108 0.001238
vt 0.188117 0.033143
vt 0.157630 0.033279
vt 0.188204 0.052680
vt 0.157718 0.052816
vt 0.157813 0.074158
vt 0.188299 0.074022
vt 0.188356 0.086633
vt 0.157869 0.086769
vt 0.188478 0.114052
vt 0.188632 0.148420
vt 0.158145 0.148557
vt 0.157992 0.114188
vt 0.188746 0.173904
vt 0.188917 0.212312
vt 0.158431 0.212448
vt 0.158259 0.174041
vt 0.189108 0.255041
vt 0.158622 0.255177
vt 0.187890 0.303195
vt 0.160270 0.303319
vt 0.185636 0.340471
vt 0.162857 0.340573
vt 0.183910 0.372236
vt 0.164867 0.372321
vt 0.188415 0.099837
vt 0.157928 0.099973
vt 0.251526 0.001342
vt 0.252557 0.031767
vt 0.222070 0.031664
vt 0.221040 0.001238
vt 0.252482 0.053839
vt 0.221996 0.053735
vt 0.252379 0.084277
vt 0.252312 0.103934
vt 0.221826 0.103831
vt 0.221892 0.084174
vt 0.221700 0.140766
vt 0.252187 0.140869
vt 0.252115 0.171624
vt 0.221598 0.171024
vt 0.221494 0.193920
vt 0.251981 0.194103
vt 0.251767 0.229721
vt 0.221281 0.229538
vt 0.251526 0.270010
vt 0.221040 0.269828
vt 0.249828 0.314190
vt 0.222208 0.314025
vt 0.247198 0.349160
vt 0.224419 0.349024
vt 0.245143 0.380376
vt 0.226100 0.380262
vt 0.221765 0.121838
vt 0.252251 0.121942
vt 0.861658 0.001232
vt 0.868104 0.019719
vt 0.837433 0.028560
vt 0.833083 0.011732
vt 0.900720 0.321487
vt 0.905070 0.304658
vt 0.935741 0.313499
vt 0.929295 0.331987
vt 0.128039 0.098615
vt 0.147619 0.098615
vt 0.147619 0.129102
vt 0.128039 0.129102
vt 0.820544 0.038383
vt 0.814654 0.023878
vt 0.882291 0.309340
vt 0.888181 0.294835
vt 0.795951 0.047187
vt 0.807003 0.053906
vt 0.808810 0.066387
vt 0.797527 0.066780
vt 0.865164 0.266438
vt 0.876447 0.266832
vt 0.874639 0.279313
vt 0.863588 0.286032
vt 0.821173 0.094514
vt 0.828704 0.085251
vt 0.845868 0.115027
vt 0.835383 0.121790
vt 0.901535 0.211252
vt 0.913505 0.218191
vt 0.896341 0.247968
vt 0.888810 0.238704
vt 0.843506 0.142750
vt 0.856560 0.138160
vt 0.862335 0.176131
vt 0.848551 0.178009
vt 0.916188 0.155209
vt 0.929972 0.157087
vt 0.924196 0.195058
vt 0.911142 0.190469
vt 0.868104 0.218469
vt 0.854280 0.217890
vt 0.921917 0.115329
vt 0.935740 0.114749
vt 0.862900 0.266358
vt 0.849416 0.261834
vt 0.917053 0.071384
vt 0.930537 0.066861
vt 0.852335 0.302176
vt 0.839364 0.295432
vt 0.907001 0.037787
vt 0.919971 0.031043
vt 0.841260 0.331997
vt 0.828455 0.324751
vt 0.267540 0.001238
vt 0.282254 0.001238
vt 0.282254 0.020281
vt 0.267540 0.020281
vt 0.896091 0.008468
vt 0.908897 0.001221
vt 0.806767 0.082237
vt 0.818252 0.075617
vt 0.885889 0.257602
vt 0.874404 0.250982
vt 0.804711 0.031718
vt 0.812431 0.043463
vt 0.221953 0.066397
vt 0.252439 0.066501
vt 0.880067 0.289755
vt 0.872347 0.301501
vt 0.157760 0.062389
vt 0.188247 0.062253
vt 0.158622 0.001374
vt 0.189108 0.001238
vt 0.188117 0.033143
vt 0.157630 0.033279
vt 0.188204 0.052680
vt 0.157718 0.052816
vt 0.157813 0.074158
vt 0.188299 0.074022
vt 0.188356 0.086633
vt 0.157869 0.086769
vt 0.188478 0.114052
vt 0.188632 0.148420
vt 0.158145 0.148557
vt 0.157992 0.114188
vt 0.188746 0.173904
vt 0.188917 0.212312
vt 0.158431 0.212448
vt 0.158259 0.174041
vt 0.189108 0.255041
vt 0.158622 0.255177
vt 0.187890 0.303195
vt 0.160270 0.303319
vt 0.185636 0.340471
vt 0.162857 0.340573
vt 0.183910 0.372236
vt 0.164867 0.372321
vt 0.188415 0.099837
vt 0.157928 0.099973
vt 0.251527 0.001341
vt 0.252557 0.031767
vt 0.222070 0.031664
vt 0.221040 0.001238
vt 0.252482 0.053839
vt 0.221996 0.053735
vt 0.252379 0.084277
vt 0.252312 0.103934
vt 0.221826 0.103831
vt 0.221892 0.084174
vt 0.221700 0.140766
vt 0.252187 0.140869
vt 0.252115 0.171624
vt 0.221598 0.171024
vt 0.221494 0.193920
vt 0.251981 0.194103
vt 0.251767 0.229721
vt 0.221281 0.229538
vt 0.251526 0.270010
vt 0.221040 0.269827
vt 0.249828 0.314190
vt 0.222208 0.314025
vt 0.247198 0.349160
vt 0.224419 0.349024
vt 0.245143 0.380376
vt 0.226100 0.380262
vt 0.221765 0.121838
vt 0.252251 0.121942
vt 0.861658 0.001232
vt 0.868104 0.019719
vt 0.837433 0.028560
vt 0.833083 0.011732
vt 0.900720 0.321487
vt 0.905070 0.304658
vt 0.935741 0.313499
vt 0.929295 0.331987
vt 0.128039 0.098615
vt 0.147619 0.098615
vt 0.147619 0.129102
vt 0.128039 0.129102
vt 0.820544 0.038383
vt 0.814654 0.023878
vt 0.882291 0.309340
vt 0.888181 0.294835
vt 0.795951 0.047187
vt 0.807003 0.053906
vt 0.808810 0.066387
vt 0.797527 0.066780
vt 0.865164 0.266438
vt 0.876447 0.266832
vt 0.874639 0.279313
vt 0.863588 0.286032
vt 0.821173 0.094514
vt 0.828704 0.085251
vt 0.845868 0.115027
vt 0.835382 0.121790
vt 0.901535 0.211252
vt 0.913505 0.218191
vt 0.896341 0.247968
vt 0.888810 0.238704
vt 0.843506 0.142750
vt 0.856560 0.138160
vt 0.862335 0.176131
vt 0.848551 0.178009
vt 0.916188 0.155209
vt 0.929972 0.157087
vt 0.924196 0.195058
vt 0.911142 0.190469
vt 0.868104 0.218469
vt 0.854280 0.217890
vt 0.921917 0.115329
vt 0.935740 0.114749
vt 0.862900 0.266358
vt 0.849416 0.261834
vt 0.917053 0.071384
vt 0.930537 0.066861
vt 0.852335 0.302175
vt 0.839364 0.295432
vt 0.907001 0.037787
vt 0.919971 0.031043
vt 0.841260 0.331997
vt 0.828455 0.324751
vt 0.267540 0.001238
vt 0.282254 0.001238
vt 0.282254 0.020281
vt 0.267540 0.020281
vt 0.896091 0.008468
vt 0.908897 0.001221
vt 0.806767 0.082237
vt 0.818252 0.075617
vt 0.885889 0.257602
vt 0.874404 0.250982
vt 0.804711 0.031718
vt 0.812431 0.043463
vt 0.221953 0.066397
vt 0.252439 0.066501
vt 0.880067 0.289755
vt 0.872347 0.301501
vt 0.157760 0.062389
vt 0.188247 0.062253
vn 0.462420 -0.714491 -0.525043
vn 0.326020 -0.698319 -0.637230
vn 0.526200 -0.256534 -0.810743
vn 0.726186 -0.299579 -0.618794
vn 0.000000 -0.639242 -0.769006
vn 0.000000 -0.672611 -0.739997
vn 0.000000 -0.215039 -0.976606
vn 0.000000 -0.190630 -0.981662
vn -0.176631 -0.664100 -0.726480
vn -0.326020 -0.698318 -0.637231
vn -0.526202 -0.256529 -0.810743
vn -0.277376 -0.220444 -0.935129
vn -0.462426 -0.714489 -0.525040
vn -0.527514 -0.765617 -0.368185
vn -0.851418 -0.365152 -0.376498
vn -0.726188 -0.299574 -0.618794
vn -0.561978 -0.826942 -0.018634
vn -0.527514 -0.848798 -0.035644
vn -0.851417 -0.499413 0.160239
vn -0.861714 -0.478446 0.168933
vn -0.462425 -0.877543 0.126810
vn -0.326022 -0.916097 0.233399
vn -0.526202 -0.608035 0.594479
vn -0.726185 -0.555637 0.404874
vn 0.000000 -0.926021 0.377472
vn 0.000000 -0.941802 0.336168
vn 0.000000 -0.649523 0.760342
vn 0.000000 -0.630372 0.776294
vn 0.176630 -0.927930 0.328249
vn 0.326022 -0.916098 0.233399
vn 0.526200 -0.608039 0.594476
vn 0.277377 -0.634766 0.721204
vn 0.462418 -0.877547 0.126812
vn 0.527510 -0.848801 -0.035637
vn 0.851413 -0.499418 0.160241
vn 0.726183 -0.555641 0.404872
vn 0.561977 -0.738322 -0.372910
vn 0.527510 -0.765616 -0.368193
vn 0.851415 -0.365156 -0.376502
vn 0.861714 -0.342563 -0.374300
vn 0.587781 0.196322 -0.784838
vn 0.809018 0.142635 -0.570215
vn 0.000000 0.242666 -0.970110
vn 0.000000 0.242666 -0.970110
vn -0.587781 0.196322 -0.784839
vn -0.309012 0.230789 -0.922631
vn -0.951059 0.074986 -0.299774
vn -0.809018 0.142635 -0.570215
vn -0.951057 -0.074988 0.299780
vn -0.951057 -0.074988 0.299780
vn -0.587781 -0.196322 0.784838
vn -0.809015 -0.142636 0.570219
vn 0.000000 -0.242666 0.970110
vn 0.000000 -0.242666 0.970110
vn 0.587781 -0.196322 0.784838
vn 0.309012 -0.230790 0.922631
vn 0.951057 -0.074988 0.299780
vn 0.809015 -0.142636 0.570219
vn 0.951059 0.074986 -0.299774
vn 0.951059 0.074986 -0.299774
vn 0.542607 0.554199 -0.631222
vn 0.747728 0.502229 -0.434361
vn 0.000000 0.596974 -0.802261
vn 0.000000 0.580599 -0.814190
vn -0.542607 0.554199 -0.631223
vn -0.285605 0.583699 -0.760082
vn -0.877962 0.442191 -0.183438
vn -0.747728 0.502228 -0.434361
vn -0.877961 0.303743 0.370034
vn -0.885187 0.284956 0.367756
vn -0.542607 0.191733 0.817812
vn -0.747725 0.238570 0.619671
vn 0.000000 0.148941 0.988846
vn 0.000000 0.128879 0.991660
vn 0.542607 0.191733 0.817812
vn 0.285605 0.157089 0.945385
vn 0.877961 0.303743 0.370034
vn 0.747725 0.238570 0.619671
vn 0.877962 0.442191 -0.183438
vn 0.885189 0.424544 -0.190272
vn 0.425912 0.810821 -0.401458
vn 0.572050 0.786843 -0.231595
vn 0.000000 0.844391 -0.535727
vn 0.000000 0.844391 -0.535727
vn -0.425912 0.810821 -0.401458
vn -0.218504 0.849167 -0.480803
vn -0.689136 0.722907 -0.049974
vn -0.572050 0.786843 -0.231595
vn -0.689134 0.614237 0.384457
vn -0.689133 0.614238 0.384457
vn -0.425913 0.526312 0.735931
vn -0.572047 0.585133 0.574789
vn 0.000000 0.492711 0.870193
vn 0.000000 0.492711 0.870193
vn 0.425913 0.526312 0.735931
vn 0.218505 0.522785 0.823985
vn 0.689134 0.614238 0.384457
vn 0.572047 0.585133 0.574789
vn 0.689135 0.722907 -0.049974
vn 0.689134 0.722909 -0.049972
vn 0.347321 -0.666628 -0.659526
vn 0.209402 -0.900132 -0.381986
vn -0.140345 -0.895178 -0.423037
vn -0.561977 -0.738328 -0.372900
vn -0.209400 -0.973970 -0.086806
vn -0.347324 -0.898637 0.267989
vn 0.140345 -0.988927 -0.048248
vn 0.561978 -0.826942 -0.018624
vn -0.001981 0.962750 0.270386
vn -0.000000 0.962751 0.270389
vn -0.000000 0.962751 0.270389
vn -0.001981 0.962750 0.270386
vn -0.022564 0.965754 0.258478
vn -0.016859 0.964080 0.265078
vn -0.016859 0.964080 0.265077
vn -0.022564 0.965754 0.258478
vn -0.027889 0.969733 0.242571
vn -0.027278 0.967560 0.251164
vn -0.027278 0.967560 0.251164
vn -0.027889 0.969733 0.242570
vn -0.022563 0.973711 0.226668
vn -0.027276 0.971862 0.233967
vn -0.027276 0.971862 0.233967
vn -0.022563 0.973711 0.226668
vn -0.008618 0.976169 0.216842
vn -0.016858 0.975341 0.220058
vn -0.016858 0.975341 0.220058
vn -0.008618 0.976169 0.216842
vn 0.001981 0.976668 0.214744
vn 0.000000 0.976670 0.214745
vn 0.000000 0.976670 0.214745
vn 0.001981 0.976668 0.214744
vn 0.022562 0.973711 0.226668
vn 0.016857 0.975341 0.220058
vn 0.016857 0.975341 0.220058
vn 0.022562 0.973711 0.226669
vn 0.027888 0.969732 0.242573
vn 0.027275 0.971861 0.233970
vn 0.027275 0.971861 0.233970
vn 0.027888 0.969732 0.242573
vn 0.022563 0.965754 0.258475
vn 0.022563 0.965755 0.258475
vn 0.027275 0.967560 0.251163
vn 0.027275 0.967560 0.251163
vn 0.008618 0.963296 0.268305
vn 0.016858 0.964080 0.265077
vn 0.016858 0.964080 0.265077
vn 0.008618 0.963296 0.268305
vn -0.308938 -0.253319 0.916726
vn -0.000005 -0.265193 0.964195
vn -0.000005 -0.265193 0.964195
vn -0.308938 -0.253319 0.916726
vn -0.808801 -0.165189 0.564406
vn -0.587630 -0.218860 0.778968
vn -0.587629 -0.218860 0.778968
vn -0.808801 -0.165189 0.564406
vn -0.999729 -0.022592 -0.005656
vn -0.950800 -0.097560 0.294043
vn -0.950800 -0.097560 0.294043
vn -0.999729 -0.022592 -0.005656
vn -0.890768 0.087825 -0.445891
vn -0.950797 0.052375 -0.305355
vn -0.950797 0.052375 -0.305355
vn -0.890768 0.087825 -0.445891
vn -0.308928 0.208134 -0.928032
vn -0.587622 0.173675 -0.790277
vn -0.587622 0.173675 -0.790277
vn -0.308928 0.208134 -0.928032
vn 0.308938 0.208133 -0.928029
vn 0.000005 0.220007 -0.975498
vn 0.000005 0.220007 -0.975498
vn 0.308938 0.208133 -0.928029
vn 0.808801 0.120002 -0.575709
vn 0.587630 0.173674 -0.790271
vn 0.587630 0.173674 -0.790271
vn 0.808801 0.120002 -0.575709
vn 0.999729 -0.022594 -0.005647
vn 0.950800 0.052373 -0.305346
vn 0.950800 0.052373 -0.305346
vn 0.999729 -0.022594 -0.005647
vn 0.808795 -0.165191 0.564414
vn 0.808795 -0.165191 0.564414
vn 0.950797 -0.097562 0.294052
vn 0.950797 -0.097562 0.294052
vn 0.308928 -0.253320 0.916729
vn 0.587622 -0.218862 0.778974
vn 0.587622 -0.218862 0.778974
vn 0.308929 -0.253320 0.916729
vn -0.308996 -0.242650 0.919588
vn -0.000003 -0.254526 0.967066
vn -0.000001 -0.254526 0.967066
vn -0.308994 -0.242650 0.919589
vn -0.808958 -0.154503 0.567200
vn -0.587743 -0.208184 0.781804
vn -0.587741 -0.208185 0.781805
vn -0.808957 -0.154503 0.567202
vn -0.999925 -0.011878 -0.002974
vn -0.950986 -0.086860 0.296784
vn -0.950985 -0.086861 0.296786
vn -0.999925 -0.011879 -0.002972
vn -0.808955 0.130747 -0.573147
vn -0.950984 0.063104 -0.302732
vn -0.950985 0.063104 -0.302730
vn -0.808956 0.130746 -0.573145
vn -0.308991 0.218893 -0.925533
vn -0.587739 0.184428 -0.787750
vn -0.587741 0.184428 -0.787748
vn -0.308993 0.218893 -0.925532
vn 0.308997 0.218893 -0.925531
vn 0.000003 0.230769 -0.973009
vn 0.000001 0.230769 -0.973009
vn 0.308995 0.218893 -0.925531
vn 0.808958 0.130745 -0.573143
vn 0.587744 0.184427 -0.787746
vn 0.587742 0.184427 -0.787747
vn 0.808957 0.130746 -0.573145
vn 0.999925 -0.011880 -0.002969
vn 0.950986 0.063103 -0.302726
vn 0.950986 0.063103 -0.302728
vn 0.999925 -0.011879 -0.002971
vn 0.808954 -0.154504 0.567206
vn 0.950984 -0.086862 0.296789
vn 0.950985 -0.086861 0.296787
vn 0.808955 -0.154504 0.567204
vn 0.453955 -0.227934 0.861378
vn 0.453955 -0.227934 0.861378
vn 0.587738 -0.208185 0.781808
vn 0.587739 -0.208185 0.781807
vn 0.003975 -0.967061 -0.254513
vn -0.000001 -0.966908 -0.255125
vn -0.000001 -0.966908 -0.255125
vn 0.003975 -0.967061 -0.254513
vn -0.000000 0.966907 0.255129
vn -0.000000 0.966907 0.255129
vn -0.003977 0.967059 0.254520
vn -0.003977 0.967060 0.254520
vn 0.010407 -0.968192 -0.249990
vn 0.007562 -0.967504 -0.252744
vn 0.007562 -0.967504 -0.252744
vn 0.010407 -0.968192 -0.249990
vn -0.007565 0.967503 0.252745
vn -0.007565 0.967503 0.252745
vn -0.010412 0.968196 0.249977
vn -0.010411 0.968196 0.249977
vn 0.012865 -0.970030 -0.242643
vn 0.012236 -0.969064 -0.246507
vn 0.012236 -0.969064 -0.246507
vn 0.012865 -0.970030 -0.242643
vn -0.012238 0.969065 0.246501
vn -0.012238 0.969065 0.246501
vn -0.012870 0.970029 0.242648
vn -0.012870 0.970029 0.242648
vn 0.010405 -0.971863 -0.235317
vn 0.012233 -0.970993 -0.238793
vn 0.012233 -0.970993 -0.238793
vn 0.010405 -0.971863 -0.235317
vn -0.012241 0.970995 0.238785
vn -0.012241 0.970995 0.238785
vn -0.010411 0.971865 0.235310
vn -0.010411 0.971865 0.235310
vn 0.003976 -0.972998 -0.230778
vn 0.007561 -0.972555 -0.232549
vn 0.007561 -0.972555 -0.232549
vn 0.003976 -0.972998 -0.230778
vn -0.007564 0.972557 0.232543
vn -0.007564 0.972557 0.232543
vn -0.003978 0.973002 0.230764
vn -0.003978 0.973002 0.230764
vn -0.003976 -0.973001 -0.230765
vn 0.000001 -0.973152 -0.230163
vn 0.000001 -0.973152 -0.230163
vn -0.003976 -0.973001 -0.230765
vn 0.000000 0.973154 0.230156
vn 0.000000 0.973154 0.230156
vn 0.003977 0.973001 0.230765
vn 0.003977 0.973001 0.230765
vn -0.010409 -0.971863 -0.235317
vn -0.007564 -0.972556 -0.232546
vn -0.007564 -0.972556 -0.232546
vn -0.010409 -0.971863 -0.235317
vn 0.007564 0.972555 0.232549
vn 0.007564 0.972555 0.232549
vn 0.010410 0.971864 0.235313
vn 0.010410 0.971864 0.235313
vn -0.012863 -0.970031 -0.242642
vn -0.012234 -0.970993 -0.238793
vn -0.012234 -0.970993 -0.238793
vn -0.012863 -0.970031 -0.242642
vn 0.012238 0.970995 0.238787
vn 0.012238 0.970995 0.238787
vn 0.012869 0.970029 0.242649
vn 0.012869 0.970029 0.242649
vn -0.010408 -0.968194 -0.249983
vn -0.012233 -0.969066 -0.246500
vn -0.012233 -0.969066 -0.246500
vn -0.010408 -0.968194 -0.249983
vn 0.012242 0.969065 0.246503
vn 0.012242 0.969065 0.246503
vn 0.010416 0.968195 0.249979
vn 0.010416 0.968195 0.249979
vn -0.003975 -0.967061 -0.254513
vn -0.003975 -0.967061 -0.254513
vn -0.007562 -0.967504 -0.252742
vn -0.007562 -0.967504 -0.252742
vn 0.007568 0.967503 0.252745
vn 0.007568 0.967503 0.252745
vn 0.003978 0.967060 0.254516
vn 0.003978 0.967061 0.254516
vn -0.308294 -0.296535 0.903892
vn -0.000000 -0.308384 0.951262
vn 0.000000 -0.308384 0.951262
vn -0.308294 -0.296535 0.903892
vn -0.705495 -0.236673 0.668029
vn -0.586412 -0.262148 0.766420
vn -0.586411 -0.262148 0.766420
vn -0.705495 -0.236673 0.668029
vn -0.997663 -0.066286 -0.016581
vn -0.948834 -0.141099 0.282499
vn -0.948834 -0.141099 0.282499
vn -0.997663 -0.066286 -0.016581
vn -0.807126 0.076016 -0.585465
vn -0.948834 0.008526 -0.315662
vn -0.948834 0.008526 -0.315662
vn -0.807126 0.076016 -0.585465
vn -0.308295 0.163963 -0.937054
vn -0.586411 0.129575 -0.799582
vn -0.586412 0.129575 -0.799582
vn -0.308295 0.163963 -0.937054
vn 0.308295 0.163963 -0.937054
vn 0.000000 0.175812 -0.984424
vn 0.000000 0.175812 -0.984424
vn 0.308295 0.163963 -0.937054
vn 0.807126 0.076015 -0.585465
vn 0.586411 0.129575 -0.799582
vn 0.586411 0.129575 -0.799582
vn 0.807126 0.076016 -0.585465
vn 0.997663 -0.066286 -0.016581
vn 0.948834 0.008526 -0.315660
vn 0.948834 0.008526 -0.315661
vn 0.997663 -0.066286 -0.016581
vn 0.807126 -0.208588 0.552303
vn 0.948834 -0.141099 0.282499
vn 0.948834 -0.141099 0.282498
vn 0.807126 -0.208588 0.552303
vn 0.308295 -0.296535 0.903892
vn 0.308295 -0.296535 0.903892
vn 0.586411 -0.262148 0.766420
vn 0.586411 -0.262148 0.766420
vn -0.156436 -0.239680 0.958166
vn -0.000002 -0.242667 0.970110
vn -0.000001 -0.242667 0.970110
vn -0.156436 -0.239680 0.958166
vn -0.809018 -0.142635 0.570215
vn -0.587787 -0.196320 0.784834
vn -0.587787 -0.196320 0.784834
vn -0.809018 -0.142635 0.570215
vn -1.000000 0.000001 -0.000002
vn -0.951057 -0.074987 0.299778
vn -0.951057 -0.074987 0.299779
vn -1.000000 0.000001 -0.000002
vn -0.809016 0.142637 -0.570218
vn -0.951056 0.074989 -0.299782
vn -0.951056 0.074989 -0.299782
vn -0.809016 0.142637 -0.570218
vn -0.309015 0.230791 -0.922630
vn -0.587783 0.196323 -0.784837
vn -0.587783 0.196323 -0.784836
vn -0.309015 0.230791 -0.922630
vn 0.309019 0.230790 -0.922628
vn 0.000002 0.242667 -0.970110
vn 0.000002 0.242667 -0.970110
vn 0.309019 0.230790 -0.922628
vn 0.809018 0.142637 -0.570214
vn 0.587786 0.196322 -0.784834
vn 0.587786 0.196322 -0.784834
vn 0.809019 0.142637 -0.570214
vn 1.000000 0.000000 0.000002
vn 0.951057 0.074989 -0.299778
vn 0.951057 0.074989 -0.299778
vn 1.000000 0.000001 0.000002
vn 0.809017 -0.142635 0.570217
vn 0.951056 -0.074987 0.299782
vn 0.951056 -0.074987 0.299782
vn 0.809016 -0.142635 0.570217
vn 0.309016 -0.230790 0.922630
vn 0.309016 -0.230790 0.922630
vn 0.587785 -0.196321 0.784835
vn 0.587785 -0.196322 0.784835
vn -0.155731 -0.146726 0.976842
vn -0.000000 -0.148538 0.988907
vn 0.000000 -0.148538 0.988907
vn -0.155731 -0.146726 0.976842
vn -0.805290 -0.048969 0.590855
vn -0.585077 -0.102407 0.804486
vn -0.585077 -0.102407 0.804486
vn -0.805290 -0.048969 0.590855
vn -0.995393 0.093009 0.023265
vn -0.946676 0.018367 0.321664
vn -0.946675 0.018367 0.321665
vn -0.995393 0.093009 0.023266
vn -0.805291 0.234987 -0.544323
vn -0.946675 0.167652 -0.275134
vn -0.946675 0.167652 -0.275134
vn -0.805291 0.234987 -0.544323
vn -0.307593 0.322734 -0.895114
vn -0.585077 0.288425 -0.757955
vn -0.585078 0.288425 -0.757954
vn -0.307593 0.322734 -0.895114
vn 0.307593 0.322734 -0.895114
vn 0.000000 0.334556 -0.942376
vn -0.000000 0.334556 -0.942376
vn 0.307593 0.322734 -0.895114
vn 0.805291 0.234986 -0.544324
vn 0.585077 0.288424 -0.757955
vn 0.585077 0.288424 -0.757956
vn 0.805290 0.234986 -0.544324
vn 0.995394 0.093008 0.023265
vn 0.946675 0.167650 -0.275134
vn 0.946675 0.167650 -0.275135
vn 0.995394 0.093008 0.023265
vn 0.805290 -0.048970 0.590855
vn 0.946675 0.018366 0.321665
vn 0.946676 0.018366 0.321665
vn 0.805291 -0.048970 0.590854
vn 0.307594 -0.136716 0.941645
vn 0.307593 -0.136716 0.941645
vn 0.585077 -0.102407 0.804486
vn 0.585078 -0.102407 0.804485
vn -0.309020 -0.230783 0.922630
vn -0.000003 -0.242660 0.970111
vn -0.000002 -0.242660 0.970111
vn -0.309020 -0.230783 0.922630
vn -0.809018 -0.142631 0.570217
vn -0.587787 -0.196315 0.784835
vn -0.587787 -0.196316 0.784836
vn -0.809017 -0.142631 0.570217
vn -1.000000 0.000002 -0.000002
vn -0.951057 -0.074984 0.299779
vn -0.951057 -0.074985 0.299780
vn -1.000000 0.000002 -0.000001
vn -0.809016 0.142636 -0.570218
vn -0.951056 0.074989 -0.299782
vn -0.951056 0.074989 -0.299782
vn -0.809016 0.142635 -0.570217
vn -0.309015 0.230788 -0.922630
vn -0.587783 0.196320 -0.784837
vn -0.587784 0.196320 -0.784837
vn -0.309016 0.230788 -0.922630
vn 0.309021 0.230787 -0.922629
vn 0.000003 0.242665 -0.970110
vn 0.000002 0.242665 -0.970110
vn 0.309019 0.230787 -0.922629
vn 0.809020 0.142634 -0.570212
vn 0.587788 0.196319 -0.784834
vn 0.587787 0.196319 -0.784835
vn 0.809019 0.142635 -0.570214
vn 1.000000 0.000001 0.000003
vn 0.951058 0.074988 -0.299777
vn 0.951057 0.074988 -0.299779
vn 1.000000 0.000002 0.000001
vn 0.809014 -0.142632 0.570221
vn 0.951056 -0.074986 0.299784
vn 0.951056 -0.074985 0.299783
vn 0.809015 -0.142632 0.570220
vn 0.453990 -0.216212 0.864376
vn 0.453990 -0.216212 0.864376
vn 0.587782 -0.196316 0.784839
vn 0.587783 -0.196316 0.784838
vn -0.309356 -0.234735 0.921520
vn -0.000193 -0.247776 0.968817
vn 0.000261 -0.247777 0.968817
vn -0.308530 -0.234804 0.921779
vn -0.809361 -0.142469 0.569770
vn -0.588183 -0.198446 0.784002
vn -0.587213 -0.198625 0.784684
vn -0.808530 -0.142757 0.570876
vn -0.999986 0.005208 0.000697
vn -0.951244 -0.072291 0.299849
vn -0.950783 -0.072647 0.301220
vn -0.999986 0.004853 0.002070
vn -0.808768 0.151851 -0.568186
vn -0.950875 0.082440 -0.298396
vn -0.951249 0.082152 -0.297282
vn -0.809287 0.151673 -0.567495
vn -0.308992 0.241506 -0.919891
vn -0.587595 0.206657 -0.782320
vn -0.587973 0.206589 -0.782054
vn -0.308998 0.241506 -0.919889
vn 0.308665 0.240011 -0.920392
vn -0.000185 0.253001 -0.967466
vn 0.000270 0.253000 -0.967466
vn 0.309494 0.239941 -0.920131
vn 0.808663 0.147898 -0.569378
vn 0.587368 0.203798 -0.783240
vn 0.588340 0.203618 -0.782557
vn 0.809493 0.147609 -0.568271
vn 1.000000 0.000277 -0.000532
vn 0.950863 0.077772 -0.299686
vn 0.951322 0.077417 -0.298318
vn 1.000000 -0.000077 0.000836
vn 0.808708 -0.146667 0.569632
vn 0.809222 -0.146491 0.568947
vn 0.951207 -0.077002 0.298789
vn 0.950836 -0.077287 0.299896
vn 0.453980 -0.221634 0.863007
vn 0.587928 -0.201378 0.783446
vn 0.587555 -0.201445 0.783709
vn 0.453980 -0.221634 0.863007
vn 0.000004 -0.970106 -0.242681
vn 0.000000 -0.970104 -0.242689
vn 0.000000 -0.970104 -0.242689
vn 0.000004 -0.970106 -0.242681
vn -0.000000 0.970108 0.242674
vn -0.000000 0.970108 0.242674
vn -0.000003 0.970108 0.242672
vn -0.000003 0.970108 0.242672
vn 0.000008 -0.970109 -0.242669
vn 0.000005 -0.970108 -0.242675
vn 0.000005 -0.970108 -0.242675
vn 0.000008 -0.970109 -0.242669
vn -0.000005 0.970109 0.242670
vn -0.000005 0.970109 0.242670
vn -0.000008 0.970109 0.242671
vn -0.000008 0.970109 0.242671
vn 0.000012 -0.970109 -0.242668
vn 0.000013 -0.970110 -0.242665
vn 0.000013 -0.970110 -0.242665
vn 0.000012 -0.970109 -0.242668
vn -0.000010 0.970109 0.242670
vn -0.000010 0.970109 0.242670
vn -0.000009 0.970110 0.242666
vn -0.000009 0.970110 0.242666
vn 0.000009 -0.970111 -0.242664
vn 0.000011 -0.970109 -0.242670
vn 0.000011 -0.970109 -0.242670
vn 0.000009 -0.970111 -0.242664
vn -0.000008 0.970111 0.242662
vn -0.000008 0.970111 0.242662
vn -0.000007 0.970111 0.242662
vn -0.000007 0.970111 0.242662
vn 0.000002 -0.970114 -0.242651
vn 0.000005 -0.970113 -0.242652
vn 0.000005 -0.970113 -0.242652
vn 0.000002 -0.970114 -0.242651
vn -0.000004 0.970111 0.242660
vn -0.000004 0.970111 0.242660
vn 0.000000 0.970113 0.242656
vn 0.000000 0.970113 0.242656
vn -0.000003 -0.970111 -0.242660
vn 0.000000 -0.970112 -0.242659
vn 0.000000 -0.970112 -0.242660
vn -0.000003 -0.970111 -0.242660
vn -0.000000 0.970113 0.242656
vn -0.000000 0.970113 0.242656
vn -0.000000 0.970112 0.242656
vn -0.000000 0.970112 0.242656
vn -0.000009 -0.970112 -0.242657
vn -0.000007 -0.970113 -0.242655
vn -0.000007 -0.970113 -0.242655
vn -0.000009 -0.970112 -0.242657
vn 0.000004 0.970112 0.242658
vn 0.000004 0.970112 0.242658
vn 0.000008 0.970112 0.242659
vn 0.000008 0.970112 0.242659
vn -0.000014 -0.970109 -0.242671
vn -0.000011 -0.970110 -0.242667
vn -0.000011 -0.970110 -0.242667
vn -0.000014 -0.970109 -0.242671
vn 0.000010 0.970111 0.242662
vn 0.000010 0.970111 0.242662
vn 0.000010 0.970110 0.242665
vn 0.000010 0.970110 0.242665
vn -0.000011 -0.970108 -0.242672
vn -0.000013 -0.970109 -0.242671
vn -0.000013 -0.970109 -0.242671
vn -0.000011 -0.970108 -0.242672
vn 0.000012 0.970109 0.242670
vn 0.000012 0.970109 0.242670
vn 0.000009 0.970108 0.242674
vn 0.000009 0.970108 0.242674
vn -0.000003 -0.970105 -0.242686
vn -0.000003 -0.970105 -0.242686
vn -0.000008 -0.970108 -0.242675
vn -0.000008 -0.970108 -0.242675
vn 0.000005 0.970108 0.242674
vn 0.000005 0.970108 0.242674
vn 0.000003 0.970108 0.242674
vn 0.000003 0.970108 0.242674
vn -0.309017 -0.230790 0.922629
vn 0.000000 -0.242668 0.970109
vn 0.000000 -0.242668 0.970109
vn -0.309017 -0.230790 0.922629
vn -0.809016 -0.142636 0.570217
vn -0.587784 -0.196321 0.784836
vn -0.587784 -0.196321 0.784836
vn -0.809016 -0.142636 0.570218
vn -1.000000 0.000000 -0.000001
vn -0.951057 -0.074988 0.299780
vn -0.951057 -0.074988 0.299780
vn -1.000000 -0.000000 -0.000001
vn -0.809016 0.142636 -0.570217
vn -0.951056 0.074989 -0.299781
vn -0.951056 0.074989 -0.299781
vn -0.809016 0.142636 -0.570217
vn -0.309017 0.230790 -0.922629
vn -0.587785 0.196322 -0.784836
vn -0.587785 0.196322 -0.784836
vn -0.309017 0.230790 -0.922629
vn 0.309017 0.230791 -0.922629
vn 0.000000 0.242668 -0.970110
vn 0.000000 0.242668 -0.970110
vn 0.309018 0.230791 -0.922629
vn 0.809017 0.142636 -0.570216
vn 0.587785 0.196322 -0.784835
vn 0.587786 0.196322 -0.784835
vn 0.809017 0.142636 -0.570216
vn 1.000000 -0.000000 -0.000001
vn 0.951056 0.074988 -0.299781
vn 0.951056 0.074988 -0.299781
vn 1.000000 -0.000000 -0.000000
vn 0.809017 -0.142636 0.570217
vn 0.951056 -0.074989 0.299781
vn 0.951056 -0.074989 0.299781
vn 0.809017 -0.142636 0.570217
vn 0.453988 -0.216217 0.864376
vn 0.453988 -0.216217 0.864376
vn 0.587784 -0.196321 0.784836
vn 0.587784 -0.196321 0.784837
vn 0.000000 -0.970109 -0.242668
vn 0.000000 -0.970111 -0.242662
vn 0.000000 -0.970111 -0.242661
vn 0.000000 -0.970109 -0.242668
vn 0.000002 -0.970110 -0.242665
vn 0.000001 -0.970109 -0.242669
vn 0.000001 -0.970109 -0.242669
vn 0.000002 -0.970110 -0.242665
vn -0.000001 -0.970110 -0.242668
vn 0.000000 -0.970110 -0.242666
vn 0.000000 -0.970110 -0.242666
vn -0.000001 -0.970110 -0.242668
vn 0.000001 -0.970111 -0.242663
vn 0.000002 -0.970110 -0.242666
vn 0.000002 -0.970110 -0.242666
vn 0.000001 -0.970111 -0.242663
vn 0.000002 -0.970112 -0.242659
vn 0.000001 -0.970112 -0.242659
vn 0.000001 -0.970112 -0.242659
vn 0.000002 -0.970112 -0.242659
vn 0.000000 -0.970110 -0.242664
vn 0.000000 -0.970112 -0.242659
vn 0.000000 -0.970112 -0.242659
vn 0.000000 -0.970110 -0.242664
vn 0.000001 -0.970110 -0.242666
vn 0.000002 -0.970109 -0.242668
vn 0.000002 -0.970109 -0.242668
vn 0.000001 -0.970110 -0.242666
vn -0.000003 -0.970110 -0.242667
vn -0.000002 -0.970110 -0.242664
vn -0.000002 -0.970110 -0.242664
vn -0.000003 -0.970110 -0.242667
vn -0.000001 -0.970110 -0.242667
vn -0.000001 -0.970109 -0.242668
vn -0.000001 -0.970109 -0.242668
vn -0.000001 -0.970110 -0.242667
vn 0.000000 -0.970110 -0.242665
vn 0.000000 -0.970110 -0.242665
vn -0.000001 -0.970109 -0.242670
vn -0.000001 -0.970109 -0.242670
vn 0.021866 -0.951346 -0.307347
vn 0.000000 -0.950507 -0.310702
vn 0.000001 -0.950507 -0.310702
vn 0.021866 -0.951347 -0.307347
vn 0.057246 -0.957586 -0.282403
vn 0.041592 -0.953786 -0.297596
vn 0.041592 -0.953786 -0.297596
vn 0.057246 -0.957586 -0.282403
vn 0.070761 -0.967678 -0.242058
vn 0.067297 -0.962372 -0.263270
vn 0.067297 -0.962372 -0.263270
vn 0.070761 -0.967678 -0.242058
vn 0.057248 -0.977770 -0.201713
vn 0.067299 -0.972985 -0.220843
vn 0.067299 -0.972985 -0.220843
vn 0.057248 -0.977770 -0.201713
vn 0.021869 -0.984009 -0.176769
vn 0.041594 -0.981570 -0.186523
vn 0.041594 -0.981570 -0.186523
vn 0.021869 -0.984010 -0.176769
vn -0.021870 -0.984011 -0.176763
vn -0.000001 -0.984850 -0.173408
vn -0.000002 -0.984850 -0.173408
vn -0.021870 -0.984011 -0.176763
vn -0.057252 -0.977772 -0.201704
vn -0.041596 -0.981571 -0.186516
vn -0.041596 -0.981571 -0.186516
vn -0.057252 -0.977772 -0.201704
vn -0.070765 -0.967678 -0.242057
vn -0.067303 -0.972985 -0.220839
vn -0.067303 -0.972985 -0.220839
vn -0.070765 -0.967678 -0.242057
vn -0.057247 -0.957585 -0.282409
vn -0.067300 -0.962371 -0.263274
vn -0.067300 -0.962371 -0.263274
vn -0.057247 -0.957585 -0.282409
vn -0.021864 -0.951347 -0.307343
vn -0.021865 -0.951347 -0.307343
vn -0.041591 -0.953786 -0.297594
vn -0.041591 -0.953786 -0.297594
vn 0.453992 -0.216672 0.864259
vn 0.587702 -0.196987 0.784731
vn 0.587922 -0.196948 0.784576
vn 0.453992 -0.216672 0.864259
vn -0.308821 -0.232010 0.922389
vn 0.000112 -0.243317 0.969947
vn -0.000158 -0.243317 0.969947
vn -0.309310 -0.231973 0.922234
vn -0.808817 -0.145849 0.569687
vn -0.587557 -0.198427 0.784477
vn -0.588130 -0.198328 0.784072
vn -0.809307 -0.145688 0.569032
vn -0.999984 -0.005628 -0.001069
vn -0.950940 -0.079417 0.299009
vn -0.951211 -0.079218 0.298200
vn -0.999984 -0.005428 -0.001878
vn -0.809111 0.135108 -0.571914
vn -0.951120 0.068294 -0.301175
vn -0.950901 0.068455 -0.301829
vn -0.808808 0.135207 -0.572318
vn -0.309007 0.222559 -0.924652
vn -0.587852 0.188266 -0.786757
vn -0.587632 0.188304 -0.786912
vn -0.309006 0.222559 -0.924653
vn 0.309196 0.223284 -0.924415
vn 0.000103 0.234626 -0.972086
vn -0.000165 0.234625 -0.972086
vn 0.308708 0.223321 -0.924569
vn 0.809194 0.137023 -0.571340
vn 0.587993 0.189650 -0.786319
vn 0.587421 0.189749 -0.786723
vn 0.808705 0.137184 -0.571994
vn 0.999995 -0.003227 -0.000474
vn 0.951152 0.070561 -0.300553
vn 0.950881 0.070759 -0.301361
vn 0.999995 -0.003028 -0.001284
vn 0.809204 -0.143779 0.569663
vn 0.808900 -0.143879 0.570070
vn 0.950970 -0.077117 0.299516
vn 0.951189 -0.076955 0.298860
vn -0.000000 0.970110 0.242664
vn -0.000000 0.970110 0.242664
vn 0.000000 0.970110 0.242667
vn 0.000000 0.970110 0.242667
vn 0.000000 0.970111 0.242663
vn 0.000000 0.970111 0.242663
vn -0.000000 0.970112 0.242659
vn -0.000000 0.970112 0.242659
vn -0.000003 0.970110 0.242666
vn -0.000003 0.970110 0.242666
vn -0.000004 0.970109 0.242669
vn -0.000004 0.970109 0.242669
vn -0.000002 0.970111 0.242662
vn -0.000002 0.970111 0.242662
vn -0.000001 0.970111 0.242660
vn -0.000001 0.970111 0.242660
vn -0.000004 0.970111 0.242663
vn -0.000004 0.970111 0.242663
vn -0.000002 0.970112 0.242658
vn -0.000002 0.970112 0.242658
vn -0.000000 0.970111 0.242662
vn 0.000000 0.970111 0.242662
vn 0.000001 0.970110 0.242667
vn 0.000001 0.970110 0.242667
vn 0.000001 0.970110 0.242664
vn 0.000001 0.970110 0.242664
vn -0.000001 0.970112 0.242658
vn -0.000001 0.970112 0.242658
vn 0.000001 0.970111 0.242663
vn 0.000001 0.970111 0.242663
vn 0.000003 0.970110 0.242666
vn 0.000003 0.970110 0.242666
vn 0.000003 0.970110 0.242665
vn 0.000003 0.970110 0.242665
vn -0.000001 0.970110 0.242664
vn -0.000001 0.970110 0.242664
vn -0.000003 0.970111 0.242660
vn -0.000003 0.970111 0.242660
vn -0.000001 0.970111 0.242661
vn -0.000001 0.970111 0.242661
vn 0.008871 0.969180 0.246193
vn 0.008863 0.969178 0.246202
vn 0.006865 0.968696 0.248156
vn 0.006871 0.968697 0.248151
vn 0.011050 0.970691 0.240075
vn 0.011050 0.970687 0.240094
vn 0.010406 0.969847 0.243491
vn 0.010412 0.969851 0.243476
vn 0.008233 0.972484 0.232826
vn 0.008245 0.972480 0.232839
vn 0.010395 0.971613 0.236349
vn 0.010388 0.971617 0.236330
vn 0.000255 0.973425 0.229006
vn 0.000263 0.973425 0.229007
vn 0.004714 0.973132 0.230202
vn 0.004702 0.973133 0.230196
vn -0.008468 0.972722 0.231822
vn -0.008474 0.972720 0.231826
vn -0.004396 0.973281 0.229577
vn -0.004397 0.973281 0.229577
vn -0.012502 0.970828 0.239451
vn -0.012503 0.970824 0.239469
vn -0.011301 0.971848 0.235339
vn -0.011294 0.971851 0.235328
vn -0.010352 0.969008 0.246814
vn -0.010340 0.969004 0.246829
vn -0.012078 0.969828 0.243492
vn -0.012084 0.969832 0.243474
vn -0.004975 0.968110 0.250475
vn -0.004963 0.968109 0.250479
vn -0.007792 0.968428 0.249171
vn -0.007806 0.968430 0.249162
vn 0.000257 0.968044 0.250779
vn 0.000261 0.968044 0.250779
vn -0.002228 0.968007 0.250913
vn -0.002236 0.968007 0.250913
vn 0.004722 0.968377 0.249446
vn 0.004719 0.968377 0.249448
vn 0.002537 0.968170 0.250282
vn 0.002537 0.968170 0.250282
vn -0.706917 0.149231 -0.691375
vn -0.706917 0.149231 -0.691375
vn -0.861715 -0.342563 -0.374296
vn -0.951059 0.074986 -0.299774
vn -0.885189 0.424544 -0.190272
vn -0.689134 0.722908 -0.049972
vn -0.888975 -0.175391 0.423039
vn -0.888975 -0.175391 0.423039
vn -0.532566 -0.588380 0.608426
vn -0.587781 -0.196322 0.784839
vn -0.547073 0.172024 0.819219
vn -0.425914 0.526309 0.735932
vn -0.015256 0.963796 0.266203
vn -0.015256 0.963796 0.266203
vn -0.453993 -0.216217 0.864373
vn -0.453993 -0.216217 0.864373
vn -0.451950 -0.123370 0.883471
vn -0.451950 -0.123370 0.883471
vn 0.156422 -0.251393 0.955162
vn 0.156422 -0.251393 0.955162
vn 0.156436 -0.239681 0.958165
vn 0.156436 -0.239681 0.958165
vn 0.156432 -0.239673 0.958168
vn 0.156432 -0.239673 0.958168
vn 0.156439 -0.240133 0.958052
vn 0.156439 -0.240133 0.958052
vn 0.156429 -0.245110 0.956792
vn 0.156429 -0.245110 0.956792
vn 0.861712 -0.478448 0.168936
vn 0.951057 -0.074988 0.299780
vn 0.885187 0.284956 0.367755
vn 0.689133 0.614239 0.384457
vn 0.532565 -0.232628 -0.813793
vn 0.587781 0.196322 -0.784838
vn 0.547073 0.537473 -0.641743
vn 0.425914 0.810819 -0.401460
vn 0.015255 0.975622 0.218928
vn 0.015255 0.975622 0.218928
vn 0.000151 0.969986 0.243161
vn 0.000151 0.969986 0.243161
vn 0.000151 0.969986 0.243161
vn 0.000146 0.969986 0.243160
vn 0.000146 0.969986 0.243160
vn 0.000146 0.969986 0.243160
vn 0.000141 0.969984 0.243168
vn 0.000141 0.969984 0.243168
vn 0.000141 0.969984 0.243168
vn 0.000143 0.969988 0.243152
vn 0.000143 0.969988 0.243152
vn 0.000143 0.969988 0.243152
vn 0.000142 0.969988 0.243152
vn 0.000142 0.969988 0.243152
vn 0.000142 0.969988 0.243152
vn 0.000148 0.969988 0.243152
vn 0.000148 0.969988 0.243152
vn 0.000148 0.969988 0.243152
vn 0.000151 0.969988 0.243152
vn 0.000151 0.969988 0.243152
vn 0.000151 0.969988 0.243152
vn 0.000151 0.969988 0.243152
vn 0.000151 0.969988 0.243152
vn 0.000151 0.969988 0.243152
vn 0.000154 0.969984 0.243168
vn 0.000154 0.969984 0.243168
vn 0.000154 0.969984 0.243168
vn 0.000150 0.969990 0.243144
vn 0.000150 0.969990 0.243144
vn 0.000150 0.969990 0.243144
vn 0.000150 0.969988 0.243152
vn 0.000150 0.969988 0.243152
vn 0.000150 0.969988 0.243152
vn 0.000147 0.969989 0.243148
vn 0.000147 0.969989 0.243148
vn 0.000147 0.969989 0.243148
vn 0.000145 0.969988 0.243152
vn 0.000145 0.969988 0.243152
vn 0.000145 0.969988 0.243152
vn 0.000143 0.969988 0.243152
vn 0.000143 0.969988 0.243152
vn 0.000143 0.969988 0.243152
vn 0.000145 0.969988 0.243152
vn 0.000145 0.969988 0.243152
vn 0.000145 0.969988 0.243152
vn 0.000148 0.969985 0.243164
vn 0.000148 0.969985 0.243164
vn 0.000148 0.969985 0.243164
vn 0.000152 0.969985 0.243164
vn 0.000152 0.969985 0.243164
vn 0.000152 0.969985 0.243164
vn 0.000154 0.969988 0.243152
vn 0.000154 0.969988 0.243152
vn 0.000154 0.969988 0.243152
vn 0.000154 0.969988 0.243152
vn 0.000154 0.969988 0.243152
vn 0.000154 0.969988 0.243152
vn 0.000152 0.969988 0.243152
vn 0.000152 0.969988 0.243152
vn 0.000152 0.969988 0.243152
vn -1.000000 0.000000 0.000000
vn 0.000000 -1.000000 0.000000
vn 0.000000 -0.123172 0.992385
vn -0.123172 0.000000 0.992385
vn -0.123172 0.000000 0.992385
vn 0.000000 -0.123172 0.992385
vn 0.061821 0.061821 0.996171
vn 0.061821 0.061821 0.996171
vn 0.061821 0.061821 0.996171
vn 0.061821 0.061821 0.996171
vn 0.061821 0.061821 -0.996171
vn 0.061821 0.061821 -0.996171
vn 0.061821 0.061821 -0.996171
vn 0.061821 0.061821 -0.996171
vn 0.000000 0.000000 -1.000000
vn 0.000000 0.000000 -1.000000
vn 0.000000 -1.000000 0.000000
vn 0.707107 -0.707107 0.000000
vn 0.707107 -0.707107 0.000000
vn 0.000000 -0.123172 0.992385
vn -0.707107 0.707107 0.000000
vn -1.000000 0.000000 0.000000
vn -0.123172 0.000000 0.992385
vn -0.707107 0.707107 0.000000
vn -0.460227 -0.759198 0.460227
vn -0.460227 0.759198 0.460227
vn -0.318898 0.770206 0.552347
vn -0.318898 -0.770206 0.552347
vn -0.318898 -0.770206 0.552347
vn -0.318898 0.770206 0.552347
vn 0.000000 0.770206 0.637795
vn 0.000000 -0.770205 0.637796
vn 0.318898 0.770205 0.552348
vn 0.318898 -0.770206 0.552347
vn 0.318898 -0.770206 0.552347
vn 0.318898 0.770205 0.552348
vn 0.552348 0.770204 0.318900
vn 0.552348 -0.770205 0.318897
vn 0.637797 0.770205 0.000000
vn 0.637797 -0.770205 0.000001
vn 0.637797 -0.770205 0.000001
vn 0.637797 0.770205 0.000000
vn 0.552348 0.770204 -0.318900
vn 0.552349 -0.770205 -0.318896
vn 0.318898 0.770205 -0.552348
vn 0.318898 -0.770205 -0.552347
vn 0.318898 -0.770205 -0.552347
vn 0.318898 0.770205 -0.552348
vn 0.000000 0.770206 -0.637795
vn 0.000000 -0.770205 -0.637796
vn 0.000000 -0.770205 -0.637796
vn 0.000000 0.770206 -0.637795
vn -0.318898 0.770206 -0.552347
vn -0.318898 -0.770206 -0.552347
vn -0.318898 -0.770206 -0.552347
vn -0.318898 0.770206 -0.552347
vn -0.552348 0.770205 -0.318898
vn -0.552348 -0.770205 -0.318898
vn -0.637796 0.770205 0.000000
vn -0.637796 -0.770205 0.000000
vn -0.637796 -0.770205 0.000000
vn -0.637796 0.770205 0.000000
vn 0.707107 0.000000 -0.707106
vn 0.690821 -0.717412 -0.089923
vn 0.672398 0.727653 -0.135657
vn 0.707107 0.000000 -0.707106
vn -0.705871 -0.708012 -0.021577
vn -0.866026 0.000000 -0.500000
vn -0.866026 0.000000 -0.500000
vn -0.687514 0.722910 -0.068743
vn -0.866026 0.000000 -0.500000
vn -1.000000 0.000000 0.000000
vn -1.000000 0.000000 0.000000
vn -0.866026 0.000000 -0.500000
vn -1.000000 0.000000 0.000000
vn -0.866026 0.000000 0.499999
vn -0.866026 0.000000 0.499999
vn -1.000000 0.000000 0.000000
vn -0.866026 0.000000 0.499999
vn -0.500000 0.000000 0.866025
vn -0.500000 0.000000 0.866025
vn -0.866026 0.000000 0.499999
vn -0.500000 0.000000 0.866025
vn 0.000000 0.000000 1.000000
vn 0.000000 0.000000 1.000000
vn -0.500000 0.000000 0.866025
vn 0.000000 0.000000 1.000000
vn 0.500001 0.000000 0.866025
vn 0.500001 0.000000 0.866025
vn 0.000000 0.000000 1.000000
vn 0.500001 0.000000 0.866025
vn 0.866026 0.000000 0.499999
vn 0.866026 0.000000 0.499999
vn 0.500001 0.000000 0.866025
vn 0.866026 0.000000 0.499999
vn 1.000000 0.000000 0.000000
vn 1.000000 0.000000 0.000000
vn 0.866026 0.000000 0.499999
vn 1.000000 0.000000 0.000000
vn 0.965926 0.000000 -0.258819
vn 0.965926 0.000000 -0.258819
vn 1.000000 0.000000 0.000000
vn 0.000000 -1.000000 0.000000
vn -0.460227 -0.759198 0.460227
vn -0.318898 -0.770206 0.552347
vn 0.000000 -1.000000 0.000000
vn 0.000000 1.000000 0.000000
vn -0.318898 0.770206 0.552347
vn -0.460227 0.759198 0.460227
vn 0.000000 1.000000 0.000000
vn 0.000000 -0.770205 0.637796
vn 0.000000 -1.000000 0.000002
vn 0.000000 1.000000 0.000000
vn 0.000000 0.770206 0.637795
vn 0.318898 -0.770206 0.552347
vn 0.000000 -1.000000 0.000000
vn 0.000000 1.000000 0.000002
vn 0.318898 0.770205 0.552348
vn 0.552348 -0.770205 0.318897
vn 0.000000 -1.000000 -0.000002
vn 0.000000 1.000000 0.000002
vn 0.552348 0.770204 0.318900
vn 0.637797 -0.770205 0.000001
vn 0.000000 -1.000000 0.000001
vn 0.000000 1.000000 0.000001
vn 0.637797 0.770205 0.000000
vn 0.552349 -0.770205 -0.318896
vn 0.000000 -1.000000 0.000004
vn 0.000000 1.000000 -0.000002
vn 0.552348 0.770204 -0.318900
vn 0.318898 -0.770205 -0.552347
vn 0.000000 -1.000000 0.000000
vn 0.000000 1.000000 -0.000002
vn 0.318898 0.770205 -0.552348
vn 0.000000 -0.770205 -0.637796
vn 0.000000 -1.000000 -0.000002
vn 0.000000 1.000000 0.000000
vn 0.000000 0.770206 -0.637795
vn -0.318898 -0.770206 -0.552347
vn 0.000000 -1.000000 0.000000
vn 0.000000 1.000000 0.000000
vn -0.318898 0.770206 -0.552347
vn -0.552348 -0.770205 -0.318898
vn 0.000000 -1.000000 0.000000
vn 0.000000 1.000000 -0.000001
vn -0.552348 0.770205 -0.318898
vn -0.637796 -0.770205 0.000000
vn 0.000000 -1.000000 0.000001
vn 0.000000 1.000000 -0.000001
vn -0.637796 0.770205 0.000000
vn 0.000565 -0.998296 0.058359
vn 0.530078 -0.847385 0.030928
vn 0.505043 0.862778 -0.023345
vn -0.000058 0.999981 -0.006109
vn 0.505043 0.862778 -0.023345
vn 0.672398 0.727653 -0.135657
vn 0.690821 -0.717412 -0.089923
vn 0.530078 -0.847385 0.030928
vn -0.606798 -0.788745 0.098376
vn -0.705871 -0.708012 -0.021577
vn -0.687514 0.722910 -0.068743
vn -0.580108 0.813303 0.044863
vn -0.606798 -0.788745 0.098376
vn -0.580108 0.813303 0.044863
vn 0.000000 -0.315448 0.948943
vn 0.301396 -0.316910 0.899293
vn 0.000000 -0.332365 0.943151
vn 0.000000 -0.315448 0.948943
vn 0.322973 -0.057096 0.944684
vn 0.000000 -0.060330 0.998179
vn 0.785656 0.048782 0.616737
vn 0.000000 0.078851 0.996886
vn 0.300453 0.376562 0.876316
vn 0.000000 0.293233 0.956041
vn 0.000000 0.293233 0.956041
vn 0.000000 0.394803 0.918766
vn 0.000000 -0.001594 0.999999
vn 0.390614 -0.001467 0.920554
vn 0.328671 0.040621 0.943571
vn 0.000000 0.043011 0.999075
vn 0.000000 -0.051685 0.998663
vn 0.330324 -0.048784 0.942606
vn 0.391432 0.001410 0.920206
vn 0.000000 0.001532 0.999999
vn 0.000000 0.334466 -0.942408
vn 0.000001 0.313019 -0.949747
vn 0.000000 0.313019 -0.949747
vn 0.000000 0.334466 -0.942408
vn 0.000000 0.054214 -0.998529
vn 0.000000 0.054214 -0.998529
vn 0.000000 -0.070875 -0.997485
vn 0.000000 -0.070875 -0.997485
vn 0.000000 -0.291100 -0.956693
vn 0.000000 -0.395688 -0.918385
vn 0.000000 -0.395688 -0.918385
vn -0.000000 -0.291100 -0.956693
vn 0.000000 -0.044322 -0.999017
vn 0.000000 -0.044322 -0.999017
vn 0.000000 0.000000 -1.000000
vn 0.000000 0.000000 -1.000000
vn 0.000000 0.000000 -1.000000
vn 0.000000 0.000000 -1.000000
vn 0.000000 0.052867 -0.998602
vn 0.000000 0.052867 -0.998602
vn -1.000000 0.000000 0.000000
vn -1.000000 0.000000 0.000000
vn -1.000000 0.000000 0.000000
vn -0.386593 -0.306524 0.869821
vn 1.000000 0.000000 0.000000
vn 1.000000 0.000000 0.000000
vn 1.000000 0.000000 0.000000
vn 0.301396 -0.316910 0.899293
vn 1.000000 0.000000 0.000000
vn 0.322973 -0.057096 0.944684
vn -1.000000 0.000000 0.000000
vn -0.412303 -0.054963 0.909387
vn 1.000000 0.000000 0.000000
vn -1.000000 0.000000 0.000000
vn -1.000000 -0.000000 0.000000
vn -1.000000 0.000000 0.000000
vn -0.385460 0.364294 0.847768
vn -1.000000 -0.000000 0.000000
vn 1.000000 0.000000 0.000000
vn 1.000000 -0.000000 0.000000
vn 1.000000 -0.000000 0.000000
vn 0.300453 0.376562 0.876316
vn 1.000000 0.000000 0.000000
vn 1.000000 0.000000 0.000000
vn 0.328671 0.040621 0.943571
vn 0.392192 0.467322 0.792336
vn 0.000000 0.858377 0.513020
vn 0.191089 0.842559 0.503567
vn 0.221192 0.975230 0.000000
vn 0.000000 1.000000 0.000000
vn -1.000000 0.000000 0.000000
vn -1.000000 0.000000 0.000000
vn -0.492176 0.442231 0.749796
vn -0.419030 0.039053 0.907132
vn -1.000000 0.000000 0.000000
vn -1.000000 0.000000 0.000000
vn -0.420977 -0.046882 0.905859
vn -0.492176 -0.442232 0.749796
vn 0.263615 -0.964628 0.000000
vn 0.216504 -0.792139 0.570651
vn 0.000000 -0.811383 0.584514
vn 0.000000 -1.000000 0.000000
vn 0.330324 -0.048784 0.942606
vn 1.000000 0.000000 0.000000
vn 1.000000 0.000000 0.000000
vn 0.392192 -0.467322 0.792336
vn 0.510844 0.067786 0.856997
vn 0.000000 0.078851 0.996886
vn -1.000000 0.000000 0.000000
vn 0.000000 -0.070876 -0.997485
vn 0.000000 -0.070876 -0.997485
vn 1.000000 0.000000 0.000000
vn -0.385460 0.364294 0.847768
vn -0.618945 0.061932 0.782989
vn -0.859840 0.040259 0.508973
vn -0.412303 -0.054963 0.909387
vn -0.386593 -0.306524 0.869821
vn 0.000000 -0.315448 0.948943
vn -0.420977 -0.046882 0.905859
vn -0.491322 0.001334 0.870977
vn -0.282141 -0.778419 0.560767
vn -0.340723 -0.940164 0.000000
vn 0.000000 0.000000 -1.000000
vn 0.000000 0.052867 -0.998602
vn -0.000001 0.313019 -0.949747
vn 0.000000 0.334466 -0.942408
vn 0.000000 0.054214 -0.998529
vn 0.000000 -0.070875 -0.997485
vn 0.000000 -0.070876 -0.997485
vn 0.000000 -0.395688 -0.918385
vn -0.000000 -0.291100 -0.956693
vn 0.000000 -0.044322 -0.999017
vn 0.000000 0.000000 -1.000000
vn -0.249971 0.831126 0.496733
vn -0.288034 0.957620 0.000000
vn -0.490401 -0.001389 0.871496
vn -0.419030 0.039053 0.907132
vn -0.000000 0.293233 0.956041
vn 0.353560 -0.001491 0.935411
vn 0.191089 0.842559 0.503567
vn 0.000000 0.858377 0.513020
vn 0.000000 -0.001594 0.999999
vn -0.249971 0.831126 0.496733
vn -0.448102 -0.001425 0.893981
vn -0.288034 0.957620 0.000000
vn -1.000000 0.000000 0.000000
vn -0.448102 -0.001425 0.893981
vn -0.249971 0.831126 0.496733
vn 0.000000 0.000000 -1.000000
vn 0.000000 0.000000 -1.000000
vn 0.000000 0.000000 -1.000000
vn 0.000000 0.000000 -1.000000
vn 0.000000 0.000000 -1.000000
vn 0.000000 0.000000 -1.000000
vn 0.353560 -0.001491 0.935411
vn 1.000000 0.000000 0.000000
vn 0.221192 0.975230 0.000000
vn 0.191089 0.842559 0.503567
vn 0.263615 -0.964628 0.000000
vn 1.000000 0.000000 0.000000
vn 0.354206 0.001403 0.935166
vn 0.216504 -0.792139 0.570651
vn 0.000000 0.000000 -1.000000
vn 0.000000 0.000000 -1.000000
vn 0.000000 0.000000 -1.000000
vn 0.000000 0.000000 -1.000000
vn 0.000000 0.000000 -1.000000
vn 0.000000 0.000000 -1.000000
vn -0.448849 0.001341 0.893607
vn -1.000000 0.000000 0.000000
vn -0.340723 -0.940164 0.000000
vn -0.282141 -0.778419 0.560767
vn -0.282141 -0.778419 0.560767
vn 0.000000 -0.811383 0.584514
vn 0.000000 0.001501 0.999999
vn -0.448849 0.001341 0.893607
vn 0.216504 -0.792139 0.570651
vn 0.354206 0.001403 0.935166
vn 0.385980 0.182143 0.904347
vn 0.000000 0.197443 0.980314
vn -0.485178 0.172648 0.857202
vn -1.000000 0.000000 0.000000
vn -0.485178 0.172648 0.857202
vn 0.000000 -0.197751 -0.980252
vn 0.000000 -0.197751 -0.980252
vn 0.000000 -0.197751 -0.980252
vn 1.000000 0.000000 0.000000
vn 0.385980 0.182143 0.904347
vn 0.000000 0.358527 -0.933519
vn 0.000000 0.358527 -0.933519
vn 0.000000 0.358527 -0.933519
vn -1.000000 0.000000 0.000000
vn -0.499341 -0.311098 0.808626
vn -0.499341 -0.311098 0.808626
vn 0.000000 -0.359068 0.933311
vn 0.398584 -0.329312 0.855970
vn 0.398584 -0.329312 0.855970
vn 1.000000 0.000000 0.000000
vn 0.000000 0.192664 -0.981265
vn 0.000000 0.192664 -0.981265
vn -0.000000 0.192664 -0.981265
vn -1.000000 0.000000 0.000000
vn -1.000000 0.000000 0.000000
vn 0.000000 -0.193657 0.981069
vn 0.000000 -0.193657 0.981069
vn 0.000000 -0.193657 0.981069
vn 1.000000 -0.000000 0.000000
vn 1.000000 -0.000000 0.000000
vn 0.000000 0.503325 -0.864097
vn 0.000000 0.503325 -0.864097
vn 0.000000 0.503325 -0.864097
vn 0.000000 -0.508023 0.861344
vn -0.492176 -0.442232 0.749796
vn 0.392192 -0.467322 0.792336
vn 0.392192 0.467322 0.792336
vn 0.000000 0.508022 0.861344
vn -0.492176 0.442231 0.749796
vn 0.000000 -0.503325 -0.864097
vn 0.000000 -0.503325 -0.864097
vn 0.000000 -0.503325 -0.864097
vn -0.601267 0.755009 -0.261610
vn -0.588508 0.537274 0.604149
vn -0.204337 0.679943 0.704219
vn -0.226688 0.922063 -0.313706
vn -0.357298 0.662106 0.658752
vn -0.357298 0.894284 -0.269432
vn -0.822843 0.351183 -0.446766
vn -0.822843 0.099473 0.559494
vn -0.815994 -0.416469 0.400883
vn -0.815994 -0.178674 -0.549753
vn -0.830786 -0.513516 0.214700
vn -0.869356 -0.411896 0.273061
vn -0.874860 -0.240610 -0.420388
vn -0.833140 -0.355036 -0.424059
vn -0.933422 -0.116165 0.339454
vn -0.918097 -0.124839 0.376182
vn -0.918097 0.066980 -0.390656
vn -0.933422 0.057340 -0.354169
vn -0.931842 -0.103297 0.347851
vn -0.931842 0.072645 -0.355518
vn -0.906010 0.126290 0.403977
vn -0.906010 0.301619 -0.296939
vn -0.821926 0.269764 0.501663
vn -0.821926 0.474188 -0.315568
vn -0.528529 0.542459 0.652989
vn -0.528529 0.786016 -0.320682
vn -0.663442 -0.668895 0.335298
vn -0.663441 -0.432249 -0.610743
vn 0.231615 -0.943730 -0.236067
vn 0.325882 -0.917152 -0.229419
vn 0.323351 -0.917995 -0.229630
vn 0.231615 -0.943730 -0.236067
vn 0.475218 -0.853569 -0.213514
vn 0.475218 -0.853569 -0.213514
vn 0.949062 -0.305671 -0.076461
vn 0.983693 0.174479 0.043645
vn 0.983693 0.174479 0.043645
vn 0.949062 -0.305671 -0.076461
vn 0.880184 0.463760 0.101009
vn 0.880184 0.463760 0.101009
vn 0.950577 0.306014 0.052528
vn 0.950416 0.306492 0.052652
vn 0.999720 0.022943 0.005739
vn 0.999720 0.022943 0.005739
vn 0.999720 0.022943 0.005739
vn 0.999720 0.022943 0.005739
vn 0.999707 0.023484 0.005874
vn 0.999707 0.023484 0.005874
vn 0.973952 -0.219974 -0.055025
vn 0.973952 -0.219974 -0.055025
vn 0.917423 -0.386020 -0.096560
vn 0.917423 -0.386020 -0.096560
vn 0.889306 -0.443643 -0.110974
vn 0.889306 -0.443643 -0.110974
vn 0.734049 0.658798 0.164794
vn 0.734049 0.658798 0.164794
vn -0.718508 0.011613 -0.695422
vn -0.601267 0.755009 -0.261610
vn -0.226688 0.922063 -0.313706
vn -0.025048 0.238210 -0.970891
vn 0.025048 -0.238210 0.970891
vn -0.204337 0.679943 0.704219
vn -0.588508 0.537274 0.604149
vn -0.694743 -0.320114 0.644095
vn -0.694743 -0.320114 0.644095
vn -0.588508 0.537274 0.604149
vn -0.601267 0.755009 -0.261610
vn -0.718508 0.011613 -0.695422
vn -0.357298 0.894284 -0.269432
vn 0.000000 0.242666 -0.970110
vn 0.000000 -0.242666 0.970110
vn -0.357298 0.662106 0.658752
vn 0.000000 0.242666 -0.970110
vn -0.822843 0.351183 -0.446766
vn -0.815994 -0.178674 -0.549753
vn 0.000000 0.242666 -0.970110
vn 0.000000 -0.242666 0.970110
vn -0.815994 -0.416469 0.400883
vn -0.822843 0.099473 0.559494
vn 0.000000 -0.242666 0.970110
vn 0.000000 0.242666 -0.970110
vn -0.833140 -0.355036 -0.424059
vn -0.874860 -0.240610 -0.420388
vn 0.000000 0.242666 -0.970110
vn 0.000000 -0.242666 0.970110
vn -0.869356 -0.411896 0.273061
vn -0.830786 -0.513516 0.214700
vn 0.000000 -0.242666 0.970110
vn 0.000000 0.242666 -0.970110
vn -0.933422 0.057340 -0.354169
vn -0.918097 0.066980 -0.390656
vn 0.000000 0.242666 -0.970110
vn 0.000000 -0.242666 0.970110
vn -0.918097 -0.124839 0.376182
vn -0.933422 -0.116165 0.339454
vn 0.000000 -0.242666 0.970110
vn -0.931842 0.072645 -0.355518
vn 0.000000 0.242666 -0.970110
vn 0.000000 -0.242666 0.970110
vn -0.931842 -0.103297 0.347851
vn -0.906010 0.301619 -0.296939
vn 0.009292 0.271355 -0.962435
vn 0.009292 -0.213742 0.976846
vn -0.906010 0.126290 0.403977
vn -0.821926 0.474188 -0.315568
vn 0.033522 0.298726 -0.953750
vn 0.033523 -0.185506 0.982071
vn -0.821926 0.269764 0.501663
vn -0.528529 0.786016 -0.320682
vn 0.310153 0.617264 -0.723043
vn 0.310153 0.617264 -0.723043
vn -0.528529 0.786016 -0.320682
vn -0.528529 0.542459 0.652989
vn 0.310154 0.204141 0.928510
vn 0.310154 0.204141 0.928510
vn -0.528529 0.542459 0.652989
vn 0.000000 0.242666 -0.970110
vn -0.663441 -0.432249 -0.610743
vn -0.663442 -0.668895 0.335298
vn 0.000000 -0.242666 0.970110
vn 0.000000 0.242666 -0.970110
vn -0.560434 0.734731 -0.382210
vn 0.700508 -0.692313 -0.173177
vn 0.700508 -0.692313 -0.173177
vn 0.949062 -0.305671 -0.076461
vn 0.949062 -0.305671 -0.076461
vn -0.560434 0.468245 0.683126
vn 0.000000 -0.242666 0.970110
vn -0.560434 0.734731 -0.382210
vn -0.560434 0.468245 0.683126
vn -0.822843 0.099473 0.559494
vn -0.822843 0.351183 -0.446766
vn -0.815994 -0.178674 -0.549753
vn -0.815994 -0.416469 0.400883
vn -0.560434 0.468245 0.683126
vn -0.560434 0.734731 -0.382210
vn 0.734169 0.677149 0.049654
vn 0.093900 0.827038 -0.554248
vn -0.221914 0.929661 -0.294084
vn 0.533704 0.742199 0.405341
vn -0.085626 0.921592 -0.378599
vn 0.590921 0.757417 0.277726
vn 0.948566 0.277528 -0.152316
vn 0.215110 0.455512 -0.863850
vn 0.230539 -0.073481 -0.970285
vn 0.923451 -0.241628 -0.298083
vn 0.352062 -0.233056 -0.906497
vn 0.356738 -0.111580 -0.927517
vn 0.865707 -0.235248 -0.441825
vn 0.819091 -0.346806 -0.456964
vn 0.407241 0.192097 -0.892891
vn 0.369721 0.196425 -0.908143
vn 0.928664 0.060789 -0.365906
vn 0.912818 0.069411 -0.402425
vn 0.402571 0.206775 -0.891729
vn 0.915252 0.082365 -0.394372
vn 0.385199 0.431406 -0.815788
vn 0.896092 0.307429 -0.320166
vn 0.283352 0.585286 -0.759706
vn 0.879026 0.440736 -0.181836
vn 0.018876 0.841038 -0.540646
vn 0.728578 0.668817 0.147843
vn 0.124343 -0.353065 -0.927299
vn 0.813906 -0.520398 -0.258347
vn -0.163776 -0.983473 -0.077186
vn -0.230433 -0.973070 -0.005873
vn -0.228644 -0.973479 -0.007820
vn -0.163776 -0.983473 -0.077186
vn -0.336030 -0.935112 0.112472
vn -0.336030 -0.935112 0.112472
vn -0.671088 -0.468521 0.574568
vn -0.695576 0.005687 0.718430
vn -0.695576 0.005687 0.718430
vn -0.671088 -0.468521 0.574568
vn -0.612096 0.306702 0.728884
vn -0.612096 0.306702 0.728884
vn -0.655683 0.133251 0.743185
vn -0.655572 0.133759 0.743192
vn -0.706909 -0.148600 0.691518
vn -0.706909 -0.148600 0.691518
vn -0.706909 -0.148600 0.691518
vn -0.706909 -0.148600 0.691518
vn -0.706900 -0.148056 0.691645
vn -0.706900 -0.148056 0.691645
vn -0.688688 -0.387096 0.613078
vn -0.688688 -0.387096 0.613078
vn -0.648716 -0.543441 0.532766
vn -0.648716 -0.543441 0.532766
vn -0.628834 -0.596240 0.499064
vn -0.628834 -0.596240 0.499064
vn -0.519051 0.532842 0.668330
vn -0.519051 0.532842 0.668330
vn 0.987094 -0.145737 -0.066379
vn 0.734169 0.677149 0.049654
vn 0.533704 0.742199 0.405341
vn 0.724589 -0.171614 0.667472
vn -0.724589 0.171614 -0.667472
vn -0.221914 0.929661 -0.294084
vn 0.093900 0.827038 -0.554248
vn -0.005502 0.090122 -0.995916
vn -0.005502 0.090122 -0.995916
vn 0.093900 0.827038 -0.554248
vn 0.734169 0.677149 0.049654
vn 0.987094 -0.145737 -0.066379
vn 0.590921 0.757417 0.277726
vn 0.707107 -0.171591 0.685971
vn -0.707107 0.171591 -0.685971
vn -0.085626 0.921592 -0.378599
vn 0.707107 -0.171591 0.685971
vn 0.948566 0.277528 -0.152316
vn 0.923451 -0.241628 -0.298083
vn 0.707107 -0.171591 0.685971
vn -0.707107 0.171591 -0.685971
vn 0.230539 -0.073481 -0.970285
vn 0.215110 0.455512 -0.863850
vn -0.707107 0.171591 -0.685971
vn 0.707107 -0.171591 0.685971
vn 0.819091 -0.346806 -0.456964
vn 0.865707 -0.235248 -0.441825
vn 0.707107 -0.171591 0.685971
vn -0.707107 0.171591 -0.685971
vn 0.356738 -0.111580 -0.927517
vn 0.352062 -0.233056 -0.906497
vn -0.707107 0.171591 -0.685971
vn 0.707107 -0.171591 0.685971
vn 0.912818 0.069411 -0.402425
vn 0.928664 0.060789 -0.365906
vn 0.707107 -0.171591 0.685971
vn -0.707107 0.171591 -0.685971
vn 0.369721 0.196425 -0.908143
vn 0.407241 0.192097 -0.892891
vn -0.707107 0.171591 -0.685971
vn 0.915252 0.082365 -0.394372
vn 0.707107 -0.171591 0.685971
vn -0.707107 0.171591 -0.685971
vn 0.402571 0.206775 -0.891729
vn 0.896092 0.307429 -0.320166
vn 0.700194 -0.144296 0.699219
vn -0.713335 0.198720 -0.672059
vn 0.385199 0.431406 -0.815788
vn 0.879026 0.440736 -0.181836
vn 0.681800 -0.120344 0.721572
vn -0.729208 0.222059 -0.647260
vn 0.283352 0.585286 -0.759706
vn 0.728578 0.668817 0.147843
vn 0.382592 0.211421 0.899402
vn 0.382592 0.211421 0.899402
vn 0.728578 0.668817 0.147843
vn 0.018876 0.841038 -0.540646
vn -0.821215 0.503545 -0.268421
vn -0.821215 0.503545 -0.268421
vn 0.018876 0.841038 -0.540646
vn 0.707107 -0.171591 0.685971
vn 0.813906 -0.520398 -0.258347
vn 0.124343 -0.353065 -0.927299
vn -0.707107 0.171591 -0.685971
vn 0.707107 -0.171591 0.685971
vn 0.784544 0.603436 0.142669
vn -0.495334 -0.812514 0.307351
vn -0.495334 -0.812514 0.307351
vn -0.671088 -0.468521 0.574568
vn -0.671088 -0.468521 0.574568
vn 0.008028 0.791870 -0.610636
vn -0.707107 0.171591 -0.685971
vn 0.784544 0.603436 0.142669
vn 0.008028 0.791870 -0.610636
vn 0.215110 0.455512 -0.863850
vn 0.948566 0.277528 -0.152316
vn 0.923451 -0.241628 -0.298083
vn 0.230539 -0.073481 -0.970285
vn 0.008028 0.791870 -0.610636
vn 0.784544 0.603436 0.142669
vn 0.601267 0.542917 0.586276
vn 0.588508 0.758445 -0.280034
vn 0.204337 0.931427 -0.301147
vn 0.226688 0.665768 0.710891
vn 0.357298 0.894284 -0.269432
vn 0.357298 0.662106 0.658752
vn 0.822843 0.099474 0.559494
vn 0.822843 0.351182 -0.446766
vn 0.815994 -0.178674 -0.549753
vn 0.815994 -0.416469 0.400883
vn 0.830786 -0.351951 -0.431190
vn 0.869356 -0.234822 -0.434832
vn 0.874860 -0.410202 0.257593
vn 0.833140 -0.512881 0.206956
vn 0.933422 0.057340 -0.354169
vn 0.918097 0.066980 -0.390655
vn 0.918097 -0.124839 0.376183
vn 0.933422 -0.116165 0.339454
vn 0.931842 0.072645 -0.355518
vn 0.931842 -0.103297 0.347851
vn 0.906010 0.301619 -0.296939
vn 0.906010 0.126290 0.403977
vn 0.821926 0.474188 -0.315569
vn 0.821926 0.269764 0.501662
vn 0.528529 0.786016 -0.320681
vn 0.528529 0.542459 0.652990
vn 0.663442 -0.432250 -0.610741
vn 0.663441 -0.668894 0.335300
vn -0.231615 -0.943730 -0.236067
vn -0.325882 -0.917152 -0.229419
vn -0.323351 -0.917995 -0.229630
vn -0.231615 -0.943730 -0.236067
vn -0.475218 -0.853569 -0.213514
vn -0.475218 -0.853569 -0.213514
vn -0.949062 -0.305671 -0.076461
vn -0.983693 0.174479 0.043645
vn -0.983693 0.174479 0.043645
vn -0.949062 -0.305671 -0.076461
vn -0.880184 0.456699 0.129237
vn -0.880184 0.456699 0.129237
vn -0.950577 0.294705 0.097737
vn -0.950416 0.295185 0.097853
vn -0.999720 0.022943 0.005739
vn -0.999720 0.022943 0.005739
vn -0.999720 0.022943 0.005739
vn -0.999720 0.022943 0.005739
vn -0.999707 0.023484 0.005874
vn -0.999707 0.023484 0.005874
vn -0.973952 -0.219974 -0.055025
vn -0.973952 -0.219974 -0.055025
vn -0.917423 -0.386020 -0.096560
vn -0.917423 -0.386020 -0.096560
vn -0.889306 -0.443643 -0.110974
vn -0.889306 -0.443643 -0.110974
vn -0.734049 0.658798 0.164794
vn -0.734049 0.658798 0.164794
vn 0.718508 -0.317177 0.618988
vn 0.601267 0.542917 0.586276
vn 0.226688 0.665768 0.710891
vn 0.025048 -0.246964 0.968701
vn -0.025048 0.246964 -0.968701
vn 0.204337 0.931427 -0.301147
vn 0.588508 0.758445 -0.280034
vn 0.694743 0.020843 -0.718956
vn 0.694743 0.020843 -0.718956
vn 0.588508 0.758445 -0.280034
vn 0.601267 0.542917 0.586276
vn 0.718508 -0.317177 0.618988
vn 0.357298 0.662106 0.658752
vn -0.000000 -0.242666 0.970110
vn 0.000000 0.242666 -0.970110
vn 0.357298 0.894284 -0.269432
vn -0.000000 -0.242666 0.970110
vn 0.822843 0.099474 0.559494
vn 0.815994 -0.416469 0.400883
vn -0.000000 -0.242666 0.970110
vn 0.000000 0.242666 -0.970110
vn 0.815994 -0.178674 -0.549753
vn 0.822843 0.351182 -0.446766
vn 0.000000 0.242666 -0.970110
vn -0.000000 -0.242666 0.970110
vn 0.833140 -0.512881 0.206956
vn 0.874860 -0.410202 0.257593
vn -0.000000 -0.242666 0.970110
vn 0.000000 0.242666 -0.970110
vn 0.869356 -0.234822 -0.434832
vn 0.830786 -0.351951 -0.431190
vn 0.000000 0.242666 -0.970110
vn -0.000000 -0.242666 0.970110
vn 0.933422 -0.116165 0.339454
vn 0.918097 -0.124839 0.376183
vn -0.000000 -0.242666 0.970110
vn 0.000000 0.242666 -0.970110
vn 0.918097 0.066980 -0.390655
vn 0.933422 0.057340 -0.354169
vn 0.000000 0.242666 -0.970110
vn 0.931842 -0.103297 0.347851
vn -0.000000 -0.242666 0.970110
vn 0.000000 0.242666 -0.970110
vn 0.931842 0.072645 -0.355518
vn 0.906010 0.126290 0.403977
vn -0.009292 -0.213742 0.976846
vn -0.009292 0.271355 -0.962435
vn 0.906010 0.301619 -0.296939
vn 0.821926 0.269764 0.501662
vn -0.033522 -0.185506 0.982071
vn -0.033523 0.298726 -0.953750
vn 0.821926 0.474188 -0.315569
vn 0.528529 0.542459 0.652990
vn -0.310153 0.204140 0.928511
vn -0.310153 0.204140 0.928511
vn 0.528529 0.542459 0.652990
vn 0.528529 0.786016 -0.320681
vn -0.310154 0.617265 -0.723042
vn -0.310154 0.617265 -0.723042
vn 0.528529 0.786016 -0.320681
vn -0.000000 -0.242666 0.970110
vn 0.663441 -0.668894 0.335300
vn 0.663442 -0.432250 -0.610741
vn 0.000000 0.242666 -0.970110
vn -0.000000 -0.242666 0.970110
vn 0.560434 0.468245 0.683126
vn -0.700508 -0.692313 -0.173177
vn -0.700508 -0.692313 -0.173177
vn -0.949062 -0.305671 -0.076461
vn -0.949062 -0.305671 -0.076461
vn 0.560434 0.734731 -0.382210
vn 0.000000 0.242666 -0.970110
vn 0.560434 0.468245 0.683126
vn 0.560434 0.734731 -0.382210
vn 0.822843 0.351182 -0.446766
vn 0.822843 0.099474 0.559494
vn 0.815994 -0.416469 0.400883
vn 0.815994 -0.178674 -0.549753
vn 0.560434 0.734731 -0.382210
vn 0.560434 0.468245 0.683126
vn 0.116151 0.470805 0.874558
vn 0.738375 0.625073 0.253151
vn 0.510890 0.859536 -0.013745
vn -0.213118 0.664404 0.716343
vn 0.590921 0.798974 0.111594
vn -0.085626 0.634799 0.767919
vn 0.215110 -0.004856 0.976578
vn 0.948567 0.173128 0.265044
vn 0.923451 -0.353516 0.149213
vn 0.230539 -0.521662 0.821414
vn 0.822847 -0.518167 0.233294
vn 0.872717 -0.409927 0.265189
vn 0.371532 -0.535484 0.758434
vn 0.359147 -0.632724 0.686057
vn 0.912818 -0.128236 0.387711
vn 0.928664 -0.118648 0.351434
vn 0.369721 -0.254285 0.893670
vn 0.407241 -0.250923 0.878176
vn 0.915252 -0.113016 0.386705
vn 0.402571 -0.237426 0.884062
vn 0.896092 0.120480 0.427205
vn 0.385199 -0.003496 0.922827
vn 0.879027 0.303216 0.367929
vn 0.283353 0.158666 0.945799
vn 0.728578 0.659657 0.184465
vn 0.018875 0.487436 0.872955
vn 0.813905 -0.580746 -0.017095
vn 0.124342 -0.748079 0.651857
vn -0.163776 -0.903987 -0.394948
vn -0.230433 -0.861234 -0.452964
vn -0.228644 -0.862511 -0.451439
vn -0.163776 -0.903987 -0.394948
vn -0.336030 -0.772026 -0.539500
vn -0.336030 -0.772026 -0.539500
vn -0.671088 -0.142821 -0.727491
vn -0.695576 0.343272 -0.631141
vn -0.695576 0.343272 -0.631141
vn -0.671088 -0.142821 -0.727491
vn -0.632672 0.608765 -0.478678
vn -0.632672 0.608765 -0.478678
vn -0.688636 0.459472 -0.560952
vn -0.688519 0.459924 -0.560724
vn -0.706909 0.194486 -0.680040
vn -0.706909 0.194486 -0.680040
vn -0.706909 0.194486 -0.680040
vn -0.706909 0.194486 -0.680040
vn -0.706900 0.195025 -0.679896
vn -0.706900 0.195025 -0.679896
vn -0.688688 -0.052853 -0.723128
vn -0.688688 -0.052853 -0.723128
vn -0.648716 -0.228599 -0.725886
vn -0.648716 -0.228599 -0.725886
vn -0.628835 -0.291046 -0.721013
vn -0.628835 -0.291046 -0.721013
vn -0.519051 0.784754 -0.338743
vn -0.519051 0.784754 -0.338743
vn 0.029030 -0.392316 0.919372
vn 0.116151 0.470805 0.874558
vn -0.213118 0.664404 0.716343
vn -0.689166 -0.180210 0.701836
vn 0.689166 0.180210 -0.701836
vn 0.510890 0.859536 -0.013745
vn 0.738375 0.625073 0.253151
vn 0.988017 -0.148300 -0.042768
vn 0.988017 -0.148300 -0.042768
vn 0.738375 0.625073 0.253151
vn 0.116151 0.470805 0.874558
vn 0.029030 -0.392316 0.919372
vn -0.085626 0.634799 0.767919
vn -0.707107 -0.171591 0.685971
vn 0.707107 0.171591 -0.685971
vn 0.590921 0.798974 0.111594
vn -0.707107 -0.171591 0.685971
vn 0.215110 -0.004856 0.976578
vn 0.230539 -0.521662 0.821414
vn -0.707107 -0.171591 0.685971
vn 0.707107 0.171591 -0.685971
vn 0.923451 -0.353516 0.149213
vn 0.948567 0.173128 0.265044
vn 0.707107 0.171591 -0.685971
vn -0.707107 -0.171591 0.685971
vn 0.359147 -0.632724 0.686057
vn 0.371532 -0.535484 0.758434
vn -0.707107 -0.171591 0.685971
vn 0.707107 0.171591 -0.685971
vn 0.872717 -0.409927 0.265189
vn 0.822847 -0.518167 0.233294
vn 0.707107 0.171591 -0.685971
vn -0.707107 -0.171591 0.685971
vn 0.407241 -0.250923 0.878176
vn 0.369721 -0.254285 0.893670
vn -0.707107 -0.171591 0.685971
vn 0.707107 0.171591 -0.685971
vn 0.928664 -0.118648 0.351434
vn 0.912818 -0.128236 0.387711
vn 0.707107 0.171591 -0.685971
vn 0.402571 -0.237426 0.884062
vn -0.707107 -0.171591 0.685971
vn 0.707107 0.171591 -0.685971
vn 0.915252 -0.113016 0.386705
vn 0.385199 -0.003496 0.922827
vn -0.713335 -0.141107 0.686471
vn 0.700194 0.201909 -0.684808
vn 0.896092 0.120480 0.427205
vn 0.283353 0.158666 0.945799
vn -0.729207 -0.108840 0.675582
vn 0.681799 0.233564 -0.693252
vn 0.879027 0.303216 0.367929
vn 0.018875 0.487436 0.872955
vn -0.821214 0.317860 0.473890
vn -0.821214 0.317860 0.473890
vn 0.018875 0.487436 0.872955
vn 0.728578 0.659657 0.184465
vn 0.382591 0.609984 -0.693934
vn 0.382591 0.609984 -0.693934
vn 0.728578 0.659657 0.184465
vn -0.707107 -0.171591 0.685971
vn 0.124342 -0.748079 0.651857
vn 0.813905 -0.580746 -0.017095
vn 0.707107 0.171591 -0.685971
vn -0.707107 -0.171591 0.685971
vn 0.008028 0.411106 0.911552
vn -0.495334 -0.572113 -0.653706
vn -0.495334 -0.572113 -0.653706
vn -0.671088 -0.142821 -0.727491
vn -0.671088 -0.142821 -0.727491
vn 0.784544 0.599540 0.158246
vn 0.707107 0.171591 -0.685971
vn 0.008028 0.411106 0.911552
vn 0.784544 0.599540 0.158246
vn 0.948567 0.173128 0.265044
vn 0.215110 -0.004856 0.976578
vn 0.230539 -0.521662 0.821414
vn 0.923451 -0.353516 0.149213
vn 0.784544 0.599540 0.158246
vn 0.008028 0.411106 0.911552
vn -0.734169 0.620777 0.275012
vn -0.093900 0.468681 0.878363
vn 0.221914 0.681709 0.697156
vn -0.533704 0.845632 -0.008156
vn 0.085626 0.634799 0.767919
vn -0.590921 0.798974 0.111594
vn -0.948566 0.173129 0.265044
vn -0.215110 -0.004857 0.976578
vn -0.230539 -0.521662 0.821414
vn -0.923451 -0.353516 0.149213
vn -0.352062 -0.632410 0.690007
vn -0.356738 -0.535138 0.765745
vn -0.865708 -0.415564 0.279029
vn -0.819091 -0.521111 0.239861
vn -0.407241 -0.250923 0.878176
vn -0.369721 -0.254285 0.893670
vn -0.928664 -0.118648 0.351433
vn -0.912818 -0.128236 0.387711
vn -0.402571 -0.237426 0.884062
vn -0.915252 -0.113016 0.386705
vn -0.385199 -0.003496 0.922827
vn -0.896092 0.120480 0.427205
vn -0.283352 0.158666 0.945800
vn -0.879026 0.303216 0.367930
vn -0.018876 0.487436 0.872954
vn -0.728578 0.659657 0.184465
vn -0.124343 -0.748079 0.651856
vn -0.813906 -0.580745 -0.017096
vn 0.163776 -0.903987 -0.394948
vn 0.230433 -0.861234 -0.452964
vn 0.228644 -0.862511 -0.451439
vn 0.163776 -0.903987 -0.394948
vn 0.336030 -0.772026 -0.539500
vn 0.336030 -0.772026 -0.539500
vn 0.671088 -0.142821 -0.727491
vn 0.695576 0.343272 -0.631141
vn 0.695576 0.343272 -0.631141
vn 0.671088 -0.142821 -0.727491
vn 0.612096 0.613758 -0.498638
vn 0.612096 0.613758 -0.498638
vn 0.655683 0.467468 -0.592919
vn 0.655572 0.467919 -0.592686
vn 0.706909 0.194486 -0.680040
vn 0.706909 0.194486 -0.680040
vn 0.706909 0.194486 -0.680040
vn 0.706909 0.194486 -0.680040
vn 0.706900 0.195025 -0.679896
vn 0.706900 0.195025 -0.679896
vn 0.688688 -0.052853 -0.723128
vn 0.688688 -0.052853 -0.723128
vn 0.648716 -0.228599 -0.725886
vn 0.648716 -0.228599 -0.725886
vn 0.628835 -0.291046 -0.721013
vn 0.628835 -0.291046 -0.721013
vn 0.519051 0.784754 -0.338743
vn 0.519051 0.784754 -0.338743
vn -0.987094 -0.159826 -0.010055
vn -0.734169 0.620777 0.275012
vn -0.533704 0.845632 -0.008156
vn -0.724589 0.162860 -0.669662
vn 0.724589 -0.162860 0.669662
vn 0.221914 0.681709 0.697156
vn -0.093900 0.468681 0.878363
vn 0.005502 -0.389394 0.921055
vn 0.005502 -0.389394 0.921055
vn -0.093900 0.468681 0.878363
vn -0.734169 0.620777 0.275012
vn -0.987094 -0.159826 -0.010055
vn -0.590921 0.798974 0.111594
vn -0.707107 0.171591 -0.685971
vn 0.707107 -0.171591 0.685971
vn 0.085626 0.634799 0.767919
vn -0.707107 0.171591 -0.685971
vn -0.948566 0.173129 0.265044
vn -0.923451 -0.353516 0.149213
vn -0.707107 0.171591 -0.685971
vn 0.707107 -0.171591 0.685971
vn -0.230539 -0.521662 0.821414
vn -0.215110 -0.004857 0.976578
vn 0.707107 -0.171591 0.685971
vn -0.707107 0.171591 -0.685971
vn -0.819091 -0.521111 0.239861
vn -0.865708 -0.415564 0.279029
vn -0.707107 0.171591 -0.685971
vn 0.707107 -0.171591 0.685971
vn -0.356738 -0.535138 0.765745
vn -0.352062 -0.632410 0.690007
vn 0.707107 -0.171591 0.685971
vn -0.707107 0.171591 -0.685971
vn -0.912818 -0.128236 0.387711
vn -0.928664 -0.118648 0.351433
vn -0.707107 0.171591 -0.685971
vn 0.707107 -0.171591 0.685971
vn -0.369721 -0.254285 0.893670
vn -0.407241 -0.250923 0.878176
vn 0.707107 -0.171591 0.685971
vn -0.915252 -0.113016 0.386705
vn -0.707107 0.171591 -0.685971
vn 0.707107 -0.171591 0.685971
vn -0.402571 -0.237426 0.884062
vn -0.896092 0.120480 0.427205
vn -0.700194 0.201909 -0.684808
vn 0.713335 -0.141107 0.686471
vn -0.385199 -0.003496 0.922827
vn -0.879026 0.303216 0.367930
vn -0.681800 0.233564 -0.693251
vn 0.729208 -0.108840 0.675581
vn -0.283352 0.158666 0.945800
vn -0.728578 0.659657 0.184465
vn -0.382592 0.609982 -0.693934
vn -0.382592 0.609982 -0.693934
vn -0.728578 0.659657 0.184465
vn -0.018876 0.487436 0.872954
vn 0.821215 0.317861 0.473889
vn 0.821215 0.317861 0.473889
vn -0.018876 0.487436 0.872954
vn -0.707107 0.171591 -0.685971
vn -0.813906 -0.580745 -0.017096
vn -0.124343 -0.748079 0.651856
vn 0.707107 -0.171591 0.685971
vn -0.707107 0.171591 -0.685971
vn -0.784544 0.599540 0.158246
vn 0.495334 -0.572113 -0.653706
vn 0.495334 -0.572113 -0.653706
vn 0.671088 -0.142821 -0.727491
vn 0.671088 -0.142821 -0.727491
vn -0.008028 0.411106 0.911552
vn 0.707107 -0.171591 0.685971
vn -0.784544 0.599540 0.158246
vn -0.008028 0.411106 0.911552
vn -0.215110 -0.004857 0.976578
vn -0.948566 0.173129 0.265044
vn -0.923451 -0.353516 0.149213
vn -0.230539 -0.521662 0.821414
vn -0.008028 0.411106 0.911552
vn -0.784544 0.599540 0.158246
vn 0.116151 0.470805 0.874558
vn 0.738375 0.625073 0.253151
vn 0.510890 0.859536 -0.013745
vn -0.213118 0.664404 0.716343
vn 0.590921 0.798974 0.111594
vn -0.085626 0.634799 0.767919
vn 0.215110 -0.004856 0.976578
vn 0.948567 0.173128 0.265044
vn 0.923451 -0.353516 0.149213
vn 0.230539 -0.521662 0.821414
vn 0.822847 -0.518167 0.233294
vn 0.872717 -0.409927 0.265189
vn 0.371532 -0.535484 0.758434
vn 0.359147 -0.632724 0.686057
vn 0.912818 -0.128236 0.387711
vn 0.928664 -0.118648 0.351434
vn 0.369721 -0.254285 0.893670
vn 0.407241 -0.250923 0.878176
vn 0.915252 -0.113016 0.386705
vn 0.402571 -0.237426 0.884062
vn 0.896092 0.120480 0.427205
vn 0.385199 -0.003496 0.922827
vn 0.879027 0.303216 0.367929
vn 0.283353 0.158666 0.945799
vn 0.728578 0.659657 0.184465
vn 0.018875 0.487436 0.872955
vn 0.813905 -0.580746 -0.017095
vn 0.124342 -0.748079 0.651857
vn -0.163776 -0.903987 -0.394948
vn -0.230433 -0.861234 -0.452964
vn -0.228644 -0.862511 -0.451439
vn -0.163776 -0.903987 -0.394948
vn -0.336030 -0.772026 -0.539500
vn -0.336030 -0.772026 -0.539500
vn -0.671088 -0.142821 -0.727491
vn -0.695576 0.343272 -0.631141
vn -0.695576 0.343272 -0.631141
vn -0.671088 -0.142821 -0.727491
vn -0.632672 0.608765 -0.478678
vn -0.632672 0.608765 -0.478678
vn -0.688636 0.459472 -0.560952
vn -0.688519 0.459924 -0.560724
vn -0.706909 0.194486 -0.680040
vn -0.706909 0.194486 -0.680040
vn -0.706909 0.194486 -0.680040
vn -0.706909 0.194486 -0.680040
vn -0.706900 0.195025 -0.679896
vn -0.706900 0.195025 -0.679896
vn -0.688688 -0.052853 -0.723128
vn -0.688688 -0.052853 -0.723128
vn -0.648716 -0.228599 -0.725886
vn -0.648716 -0.228599 -0.725886
vn -0.628835 -0.291046 -0.721013
vn -0.628835 -0.291046 -0.721013
vn -0.519051 0.784754 -0.338743
vn -0.519051 0.784754 -0.338743
vn 0.029030 -0.392316 0.919372
vn 0.116151 0.470805 0.874558
vn -0.213118 0.664404 0.716343
vn -0.689166 -0.180210 0.701836
vn 0.689166 0.180210 -0.701836
vn 0.510890 0.859536 -0.013745
vn 0.738375 0.625073 0.253151
vn 0.988017 -0.148300 -0.042768
vn 0.988017 -0.148300 -0.042768
vn 0.738375 0.625073 0.253151
vn 0.116151 0.470805 0.874558
vn 0.029030 -0.392316 0.919372
vn -0.085626 0.634799 0.767919
vn -0.707107 -0.171591 0.685971
vn 0.707107 0.171591 -0.685971
vn 0.590921 0.798974 0.111594
vn -0.707107 -0.171591 0.685971
vn 0.215110 -0.004856 0.976578
vn 0.230539 -0.521662 0.821414
vn -0.707107 -0.171591 0.685971
vn 0.707107 0.171591 -0.685971
vn 0.923451 -0.353516 0.149213
vn 0.948567 0.173128 0.265044
vn 0.707107 0.171591 -0.685971
vn -0.707107 -0.171591 0.685971
vn 0.359147 -0.632724 0.686057
vn 0.371532 -0.535484 0.758434
vn -0.707107 -0.171591 0.685971
vn 0.707107 0.171591 -0.685971
vn 0.872717 -0.409927 0.265189
vn 0.822847 -0.518167 0.233294
vn 0.707107 0.171591 -0.685971
vn -0.707107 -0.171591 0.685971
vn 0.407241 -0.250923 0.878176
vn 0.369721 -0.254285 0.893670
vn -0.707107 -0.171591 0.685971
vn 0.707107 0.171591 -0.685971
vn 0.928664 -0.118648 0.351434
vn 0.912818 -0.128236 0.387711
vn 0.707107 0.171591 -0.685971
vn 0.402571 -0.237426 0.884062
vn -0.707107 -0.171591 0.685971
vn 0.707107 0.171591 -0.685971
vn 0.915252 -0.113016 0.386705
vn 0.385199 -0.003496 0.922827
vn -0.713335 -0.141107 0.686471
vn 0.700194 0.201909 -0.684808
vn 0.896092 0.120480 0.427205
vn 0.283353 0.158666 0.945799
vn -0.729207 -0.108840 0.675582
vn 0.681799 0.233564 -0.693252
vn 0.879027 0.303216 0.367929
vn 0.018875 0.487436 0.872955
vn -0.821214 0.317860 0.473890
vn -0.821214 0.317860 0.473890
vn 0.018875 0.487436 0.872955
vn 0.728578 0.659657 0.184465
vn 0.382591 0.609984 -0.693934
vn 0.382591 0.609984 -0.693934
vn 0.728578 0.659657 0.184465
vn -0.707107 -0.171591 0.685971
vn 0.124342 -0.748079 0.651857
vn 0.813905 -0.580746 -0.017095
vn 0.707107 0.171591 -0.685971
vn -0.707107 -0.171591 0.685971
vn 0.008028 0.411106 0.911552
vn -0.495334 -0.572113 -0.653706
vn -0.495334 -0.572113 -0.653706
vn -0.671088 -0.142821 -0.727491
vn -0.671088 -0.142821 -0.727491
vn 0.784544 0.599540 0.158246
vn 0.707107 0.171591 -0.685971
vn 0.008028 0.411106 0.911552
vn 0.784544 0.599540 0.158246
vn 0.948567 0.173128 0.265044
vn 0.215110 -0.004856 0.976578
vn 0.230539 -0.521662 0.821414
vn 0.923451 -0.353516 0.149213
vn 0.784544 0.599540 0.158246
vn 0.008028 0.411106 0.911552
vn -0.437005 0.503056 0.745628
vn 0.455713 0.505049 0.732975
vn 0.518171 0.756099 0.399766
vn -0.528083 0.738906 0.418504
vn 0.478391 0.691491 0.541278
vn -0.478391 0.691491 0.541278
vn -0.518632 0.025652 0.854613
vn 0.518632 0.025651 0.854613
vn 0.489963 -0.495586 0.717169
vn -0.489963 -0.495586 0.717169
vn 0.332895 -0.634337 0.697709
vn 0.364852 -0.534322 0.762485
vn -0.349435 -0.537705 0.767313
vn -0.325229 -0.636133 0.699686
vn 0.357497 -0.255922 0.898165
vn 0.395232 -0.251721 0.883419
vn -0.395233 -0.251720 0.883418
vn -0.357497 -0.255922 0.898165
vn 0.362520 -0.241452 0.900156
vn -0.362520 -0.241452 0.900156
vn 0.361256 -0.005903 0.932448
vn -0.361256 -0.005903 0.932448
vn 0.421206 0.172523 0.890405
vn -0.421205 0.172523 0.890406
vn 0.501835 0.535981 0.678886
vn -0.501836 0.535981 0.678885
vn 0.487594 -0.711567 0.505890
vn -0.487595 -0.711566 0.505890
vn 0.000000 -0.887525 -0.460759
vn 0.000000 -0.838072 -0.545560
vn 0.000000 -0.839529 -0.543316
vn 0.000000 -0.887525 -0.460759
vn 0.000000 -0.738250 -0.674528
vn 0.000000 -0.738250 -0.674528
vn 0.000000 -0.075366 -0.997156
vn 0.000000 0.413188 -0.910646
vn 0.000000 0.413188 -0.910646
vn 0.000000 -0.075366 -0.997156
vn -0.014549 0.673820 -0.738752
vn -0.014549 0.673820 -0.738752
vn -0.023301 0.531032 -0.847031
vn -0.023297 0.531472 -0.846755
vn 0.000000 0.265541 -0.964100
vn 0.000000 0.265541 -0.964100
vn 0.000000 0.265541 -0.964100
vn 0.000000 0.265541 -0.964100
vn 0.000000 0.266079 -0.963951
vn 0.000000 0.266079 -0.963951
vn 0.000000 0.016371 -0.999866
vn 0.000000 0.016371 -0.999866
vn 0.000000 -0.163393 -0.986561
vn 0.000000 -0.163393 -0.986561
vn 0.000000 -0.227839 -0.973699
vn 0.000000 -0.227839 -0.973699
vn 0.000000 0.836927 -0.547315
vn 0.000000 0.836927 -0.547315
vn -0.677454 -0.327139 0.658814
vn -0.437005 0.503056 0.745628
vn -0.528083 0.738906 0.418504
vn -0.999676 -0.010455 0.023204
vn 0.999676 0.010455 -0.023204
vn 0.518171 0.756099 0.399766
vn 0.455713 0.505049 0.732975
vn 0.702524 -0.318226 0.636547
vn 0.702524 -0.318226 0.636547
vn 0.455713 0.505049 0.732975
vn -0.437005 0.503056 0.745628
vn -0.677454 -0.327139 0.658814
vn -0.478391 0.691491 0.541278
vn -1.000000 0.000000 -0.000000
vn 1.000000 -0.000000 0.000000
vn 0.478391 0.691491 0.541278
vn -1.000000 0.000000 -0.000000
vn -0.518632 0.025652 0.854613
vn -0.489963 -0.495586 0.717169
vn -1.000000 0.000000 -0.000000
vn 1.000000 -0.000000 0.000000
vn 0.489963 -0.495586 0.717169
vn 0.518632 0.025651 0.854613
vn 1.000000 -0.000000 0.000000
vn -1.000000 0.000000 -0.000000
vn -0.325229 -0.636133 0.699686
vn -0.349435 -0.537705 0.767313
vn -1.000000 0.000000 -0.000000
vn 1.000000 -0.000000 0.000000
vn 0.364852 -0.534322 0.762485
vn 0.332895 -0.634337 0.697709
vn 1.000000 -0.000000 0.000000
vn -1.000000 0.000000 -0.000000
vn -0.357497 -0.255922 0.898165
vn -0.395233 -0.251720 0.883418
vn -1.000000 0.000000 -0.000000
vn 1.000000 -0.000000 0.000000
vn 0.395232 -0.251721 0.883419
vn 0.357497 -0.255922 0.898165
vn 1.000000 -0.000000 0.000000
vn -0.362520 -0.241452 0.900156
vn -1.000000 0.000000 -0.000000
vn 1.000000 -0.000000 0.000000
vn 0.362520 -0.241452 0.900156
vn -0.361256 -0.005903 0.932448
vn -0.999516 0.031061 -0.001809
vn 0.999516 0.031061 -0.001809
vn 0.361256 -0.005903 0.932448
vn -0.421205 0.172523 0.890406
vn -0.997733 0.064744 -0.018359
vn 0.997733 0.064745 -0.018360
vn 0.421206 0.172523 0.890405
vn -0.501836 0.535981 0.678885
vn -0.851220 0.485965 -0.198148
vn -0.851220 0.485965 -0.198148
vn -0.501836 0.535981 0.678885
vn 0.501835 0.535981 0.678886
vn 0.851219 0.485967 -0.198149
vn 0.851219 0.485967 -0.198149
vn 0.501835 0.535981 0.678886
vn -1.000000 0.000000 -0.000000
vn -0.487595 -0.711566 0.505890
vn 0.487594 -0.711567 0.505890
vn 1.000000 -0.000000 0.000000
vn -1.000000 0.000000 -0.000000
vn -0.549080 0.465490 0.694140
vn 0.000000 -0.522324 -0.852747
vn 0.000000 -0.522324 -0.852747
vn 0.000000 -0.075366 -0.997156
vn 0.000000 -0.075366 -0.997156
vn 0.549080 0.465490 0.694140
vn 1.000000 -0.000000 0.000000
vn -0.549080 0.465490 0.694140
vn 0.549080 0.465490 0.694140
vn 0.518632 0.025651 0.854613
vn -0.518632 0.025652 0.854613
vn -0.489963 -0.495586 0.717169
vn 0.489963 -0.495586 0.717169
vn 0.549080 0.465490 0.694140
vn -0.549080 0.465490 0.694140
vn -0.734169 0.620777 0.275012
vn -0.093900 0.468681 0.878363
vn 0.221914 0.681709 0.697156
vn -0.533704 0.845632 -0.008156
vn 0.085626 0.634799 0.767919
vn -0.590921 0.798974 0.111594
vn -0.948566 0.173129 0.265044
vn -0.215110 -0.004857 0.976578
vn -0.230539 -0.521662 0.821414
vn -0.923451 -0.353516 0.149213
vn -0.352062 -0.632410 0.690007
vn -0.356738 -0.535138 0.765745
vn -0.865708 -0.415564 0.279029
vn -0.819091 -0.521111 0.239861
vn -0.407241 -0.250923 0.878176
vn -0.369721 -0.254285 0.893670
vn -0.928664 -0.118648 0.351433
vn -0.912818 -0.128236 0.387711
vn -0.402571 -0.237426 0.884062
vn -0.915252 -0.113016 0.386705
vn -0.385199 -0.003496 0.922827
vn -0.896092 0.120480 0.427205
vn -0.283352 0.158666 0.945800
vn -0.879026 0.303216 0.367930
vn -0.018876 0.487436 0.872954
vn -0.728578 0.659657 0.184465
vn -0.124343 -0.748079 0.651856
vn -0.813906 -0.580745 -0.017096
vn 0.163776 -0.903987 -0.394948
vn 0.230433 -0.861234 -0.452964
vn 0.228644 -0.862511 -0.451439
vn 0.163776 -0.903987 -0.394948
vn 0.336030 -0.772026 -0.539500
vn 0.336030 -0.772026 -0.539500
vn 0.671088 -0.142821 -0.727491
vn 0.695576 0.343272 -0.631141
vn 0.695576 0.343272 -0.631141
vn 0.671088 -0.142821 -0.727491
vn 0.612096 0.613758 -0.498638
vn 0.612096 0.613758 -0.498638
vn 0.655683 0.467468 -0.592919
vn 0.655572 0.467919 -0.592686
vn 0.706909 0.194486 -0.680040
vn 0.706909 0.194486 -0.680040
vn 0.706909 0.194486 -0.680040
vn 0.706909 0.194486 -0.680040
vn 0.706900 0.195025 -0.679896
vn 0.706900 0.195025 -0.679896
vn 0.688688 -0.052853 -0.723128
vn 0.688688 -0.052853 -0.723128
vn 0.648716 -0.228599 -0.725886
vn 0.648716 -0.228599 -0.725886
vn 0.628835 -0.291046 -0.721013
vn 0.628835 -0.291046 -0.721013
vn 0.519051 0.784754 -0.338743
vn 0.519051 0.784754 -0.338743
vn -0.987094 -0.159826 -0.010055
vn -0.734169 0.620777 0.275012
vn -0.533704 0.845632 -0.008156
vn -0.724589 0.162860 -0.669662
vn 0.724589 -0.162860 0.669662
vn 0.221914 0.681709 0.697156
vn -0.093900 0.468681 0.878363
vn 0.005502 -0.389394 0.921055
vn 0.005502 -0.389394 0.921055
vn -0.093900 0.468681 0.878363
vn -0.734169 0.620777 0.275012
vn -0.987094 -0.159826 -0.010055
vn -0.590921 0.798974 0.111594
vn -0.707107 0.171591 -0.685971
vn 0.707107 -0.171591 0.685971
vn 0.085626 0.634799 0.767919
vn -0.707107 0.171591 -0.685971
vn -0.948566 0.173129 0.265044
vn -0.923451 -0.353516 0.149213
vn -0.707107 0.171591 -0.685971
vn 0.707107 -0.171591 0.685971
vn -0.230539 -0.521662 0.821414
vn -0.215110 -0.004857 0.976578
vn 0.707107 -0.171591 0.685971
vn -0.707107 0.171591 -0.685971
vn -0.819091 -0.521111 0.239861
vn -0.865708 -0.415564 0.279029
vn -0.707107 0.171591 -0.685971
vn 0.707107 -0.171591 0.685971
vn -0.356738 -0.535138 0.765745
vn -0.352062 -0.632410 0.690007
vn 0.707107 -0.171591 0.685971
vn -0.707107 0.171591 -0.685971
vn -0.912818 -0.128236 0.387711
vn -0.928664 -0.118648 0.351433
vn -0.707107 0.171591 -0.685971
vn 0.707107 -0.171591 0.685971
vn -0.369721 -0.254285 0.893670
vn -0.407241 -0.250923 0.878176
vn 0.707107 -0.171591 0.685971
vn -0.915252 -0.113016 0.386705
vn -0.707107 0.171591 -0.685971
vn 0.707107 -0.171591 0.685971
vn -0.402571 -0.237426 0.884062
vn -0.896092 0.120480 0.427205
vn -0.700194 0.201909 -0.684808
vn 0.713335 -0.141107 0.686471
vn -0.385199 -0.003496 0.922827
vn -0.879026 0.303216 0.367930
vn -0.681800 0.233564 -0.693251
vn 0.729208 -0.108840 0.675581
vn -0.283352 0.158666 0.945800
vn -0.728578 0.659657 0.184465
vn -0.382592 0.609982 -0.693934
vn -0.382592 0.609982 -0.693934
vn -0.728578 0.659657 0.184465
vn -0.018876 0.487436 0.872954
vn 0.821215 0.317861 0.473889
vn 0.821215 0.317861 0.473889
vn -0.018876 0.487436 0.872954
vn -0.707107 0.171591 -0.685971
vn -0.813906 -0.580745 -0.017096
vn -0.124343 -0.748079 0.651856
vn 0.707107 -0.171591 0.685971
vn -0.707107 0.171591 -0.685971
vn -0.784544 0.599540 0.158246
vn 0.495334 -0.572113 -0.653706
vn 0.495334 -0.572113 -0.653706
vn 0.671088 -0.142821 -0.727491
vn 0.671088 -0.142821 -0.727491
vn -0.008028 0.411106 0.911552
vn 0.707107 -0.171591 0.685971
vn -0.784544 0.599540 0.158246
vn -0.008028 0.411106 0.911552
vn -0.215110 -0.004857 0.976578
vn -0.948566 0.173129 0.265044
vn -0.923451 -0.353516 0.149213
vn -0.230539 -0.521662 0.821414
vn -0.008028 0.411106 0.911552
vn -0.784544 0.599540 0.158246
vn -0.116151 0.827121 -0.549891
vn -0.738375 0.670646 0.070964
vn -0.510890 0.751834 0.416817
vn 0.213118 0.923427 -0.319159
vn -0.590921 0.757417 0.277726
vn 0.085626 0.921592 -0.378599
vn -0.215110 0.455513 -0.863849
vn -0.948567 0.277527 -0.152316
vn -0.923451 -0.241628 -0.298083
vn -0.230539 -0.073481 -0.970285
vn -0.822847 -0.347300 -0.449784
vn -0.872717 -0.236791 -0.426961
vn -0.371532 -0.115328 -0.921229
vn -0.359147 -0.235193 -0.903160
vn -0.912818 0.069411 -0.402425
vn -0.928664 0.060789 -0.365907
vn -0.369721 0.196426 -0.908143
vn -0.407241 0.192097 -0.892891
vn -0.915252 0.082365 -0.394372
vn -0.402571 0.206775 -0.891729
vn -0.896092 0.307429 -0.320166
vn -0.385199 0.431406 -0.815788
vn -0.879027 0.440736 -0.181835
vn -0.283353 0.585286 -0.759705
vn -0.728578 0.668818 0.147843
vn -0.018875 0.841038 -0.540647
vn -0.813905 -0.520398 -0.258348
vn -0.124342 -0.353064 -0.927300
vn 0.163776 -0.983473 -0.077186
vn 0.230433 -0.973070 -0.005873
vn 0.228644 -0.973479 -0.007820
vn 0.163776 -0.983473 -0.077186
vn 0.336030 -0.935112 0.112472
vn 0.336030 -0.935112 0.112472
vn 0.671088 -0.468521 0.574568
vn 0.695576 0.005687 0.718430
vn 0.695576 0.005687 0.718430
vn 0.671088 -0.468521 0.574568
vn 0.632672 0.311695 0.708924
vn 0.632672 0.311695 0.708924
vn 0.688636 0.141248 0.711217
vn 0.688519 0.141754 0.711230
vn 0.706909 -0.148600 0.691518
vn 0.706909 -0.148600 0.691518
vn 0.706909 -0.148600 0.691518
vn 0.706909 -0.148600 0.691518
vn 0.706900 -0.148056 0.691645
vn 0.706900 -0.148056 0.691645
vn 0.688688 -0.387096 0.613078
vn 0.688688 -0.387096 0.613078
vn 0.648716 -0.543441 0.532766
vn 0.648716 -0.543441 0.532766
vn 0.628834 -0.596240 0.499064
vn 0.628834 -0.596240 0.499064
vn 0.519051 0.532842 0.668330
vn 0.519051 0.532842 0.668330
vn -0.029030 0.086752 -0.995807
vn -0.116151 0.827121 -0.549891
vn 0.213118 0.923427 -0.319159
vn 0.689166 0.171456 -0.704026
vn -0.689166 -0.171456 0.704026
vn -0.510890 0.751834 0.416817
vn -0.738375 0.670646 0.070964
vn -0.988017 -0.150971 -0.032093
vn -0.988017 -0.150971 -0.032093
vn -0.738375 0.670646 0.070964
vn -0.116151 0.827121 -0.549891
vn -0.029030 0.086752 -0.995807
vn 0.085626 0.921592 -0.378599
vn 0.707107 0.171591 -0.685971
vn -0.707107 -0.171591 0.685971
vn -0.590921 0.757417 0.277726
vn 0.707107 0.171591 -0.685971
vn -0.215110 0.455513 -0.863849
vn -0.230539 -0.073481 -0.970285
vn 0.707107 0.171591 -0.685971
vn -0.707107 -0.171591 0.685971
vn -0.923451 -0.241628 -0.298083
vn -0.948567 0.277527 -0.152316
vn -0.707107 -0.171591 0.685971
vn 0.707107 0.171591 -0.685971
vn -0.359147 -0.235193 -0.903160
vn -0.371532 -0.115328 -0.921229
vn 0.707107 0.171591 -0.685971
vn -0.707107 -0.171591 0.685971
vn -0.872717 -0.236791 -0.426961
vn -0.822847 -0.347300 -0.449784
vn -0.707107 -0.171591 0.685971
vn 0.707107 0.171591 -0.685971
vn -0.407241 0.192097 -0.892891
vn -0.369721 0.196426 -0.908143
vn 0.707107 0.171591 -0.685971
vn -0.707107 -0.171591 0.685971
vn -0.928664 0.060789 -0.365907
vn -0.912818 0.069411 -0.402425
vn -0.707107 -0.171591 0.685971
vn -0.402571 0.206775 -0.891729
vn 0.707107 0.171591 -0.685971
vn -0.707107 -0.171591 0.685971
vn -0.915252 0.082365 -0.394372
vn -0.385199 0.431406 -0.815788
vn 0.713335 0.198720 -0.672059
vn -0.700194 -0.144296 0.699219
vn -0.896092 0.307429 -0.320166
vn -0.283353 0.585286 -0.759705
vn 0.729207 0.222059 -0.647261
vn -0.681799 -0.120344 0.721573
vn -0.879027 0.440736 -0.181835
vn -0.018875 0.841038 -0.540647
vn 0.821214 0.503544 -0.268422
vn 0.821214 0.503544 -0.268422
vn -0.018875 0.841038 -0.540647
vn -0.728578 0.668818 0.147843
vn -0.382591 0.211422 0.899403
vn -0.382591 0.211422 0.899403
vn -0.728578 0.668818 0.147843
vn 0.707107 0.171591 -0.685971
vn -0.124342 -0.353064 -0.927300
vn -0.813905 -0.520398 -0.258348
vn -0.707107 -0.171591 0.685971
vn 0.707107 0.171591 -0.685971
vn -0.008028 0.791870 -0.610636
vn 0.495334 -0.812514 0.307351
vn 0.495334 -0.812514 0.307351
vn 0.671088 -0.468521 0.574568
vn 0.671088 -0.468521 0.574568
vn -0.784544 0.603436 0.142669
vn -0.707107 -0.171591 0.685971
vn -0.008028 0.791870 -0.610636
vn -0.784544 0.603436 0.142669
vn -0.948567 0.277527 -0.152316
vn -0.215110 0.455513 -0.863849
vn -0.230539 -0.073481 -0.970285
vn -0.923451 -0.241628 -0.298083
vn -0.784544 0.603436 0.142669
vn -0.008028 0.791870 -0.610636
vn -0.601267 0.755009 -0.261610
vn -0.588508 0.537274 0.604149
vn -0.204337 0.679943 0.704219
vn -0.226688 0.922063 -0.313706
vn -0.357298 0.662106 0.658752
vn -0.357298 0.894284 -0.269432
vn -0.822843 0.351183 -0.446766
vn -0.822843 0.099473 0.559494
vn -0.815994 -0.416469 0.400883
vn -0.815994 -0.178674 -0.549753
vn -0.830786 -0.513516 0.214700
vn -0.869356 -0.411896 0.273061
vn -0.874860 -0.240610 -0.420388
vn -0.833140 -0.355036 -0.424059
vn -0.933422 -0.116165 0.339454
vn -0.918097 -0.124839 0.376182
vn -0.918097 0.066980 -0.390656
vn -0.933422 0.057340 -0.354169
vn -0.931842 -0.103297 0.347851
vn -0.931842 0.072645 -0.355518
vn -0.906010 0.126290 0.403977
vn -0.906010 0.301619 -0.296939
vn -0.821926 0.269764 0.501663
vn -0.821926 0.474188 -0.315568
vn -0.528529 0.542459 0.652989
vn -0.528529 0.786016 -0.320682
vn -0.663442 -0.668895 0.335298
vn -0.663441 -0.432249 -0.610743
vn 0.231615 -0.943730 -0.236067
vn 0.325882 -0.917152 -0.229419
vn 0.323351 -0.917995 -0.229630
vn 0.231615 -0.943730 -0.236067
vn 0.475218 -0.853569 -0.213514
vn 0.475218 -0.853569 -0.213514
vn 0.949062 -0.305671 -0.076461
vn 0.983693 0.174479 0.043645
vn 0.983693 0.174479 0.043645
vn 0.949062 -0.305671 -0.076461
vn 0.880184 0.463760 0.101009
vn 0.880184 0.463760 0.101009
vn 0.950577 0.306014 0.052528
vn 0.950416 0.306492 0.052652
vn 0.999720 0.022943 0.005739
vn 0.999720 0.022943 0.005739
vn 0.999720 0.022943 0.005739
vn 0.999720 0.022943 0.005739
vn 0.999707 0.023484 0.005874
vn 0.999707 0.023484 0.005874
vn 0.973952 -0.219974 -0.055025
vn 0.973952 -0.219974 -0.055025
vn 0.917423 -0.386020 -0.096560
vn 0.917423 -0.386020 -0.096560
vn 0.889306 -0.443643 -0.110974
vn 0.889306 -0.443643 -0.110974
vn 0.734049 0.658798 0.164794
vn 0.734049 0.658798 0.164794
vn -0.718508 0.011613 -0.695422
vn -0.601267 0.755009 -0.261610
vn -0.226688 0.922063 -0.313706
vn -0.025048 0.238210 -0.970891
vn 0.025048 -0.238210 0.970891
vn -0.204337 0.679943 0.704219
vn -0.588508 0.537274 0.604149
vn -0.694743 -0.320114 0.644095
vn -0.694743 -0.320114 0.644095
vn -0.588508 0.537274 0.604149
vn -0.601267 0.755009 -0.261610
vn -0.718508 0.011613 -0.695422
vn -0.357298 0.894284 -0.269432
vn 0.000000 0.242666 -0.970110
vn 0.000000 -0.242666 0.970110
vn -0.357298 0.662106 0.658752
vn 0.000000 0.242666 -0.970110
vn -0.822843 0.351183 -0.446766
vn -0.815994 -0.178674 -0.549753
vn 0.000000 0.242666 -0.970110
vn 0.000000 -0.242666 0.970110
vn -0.815994 -0.416469 0.400883
vn -0.822843 0.099473 0.559494
vn 0.000000 -0.242666 0.970110
vn 0.000000 0.242666 -0.970110
vn -0.833140 -0.355036 -0.424059
vn -0.874860 -0.240610 -0.420388
vn 0.000000 0.242666 -0.970110
vn 0.000000 -0.242666 0.970110
vn -0.869356 -0.411896 0.273061
vn -0.830786 -0.513516 0.214700
vn 0.000000 -0.242666 0.970110
vn 0.000000 0.242666 -0.970110
vn -0.933422 0.057340 -0.354169
vn -0.918097 0.066980 -0.390656
vn 0.000000 0.242666 -0.970110
vn 0.000000 -0.242666 0.970110
vn -0.918097 -0.124839 0.376182
vn -0.933422 -0.116165 0.339454
vn 0.000000 -0.242666 0.970110
vn -0.931842 0.072645 -0.355518
vn 0.000000 0.242666 -0.970110
vn 0.000000 -0.242666 0.970110
vn -0.931842 -0.103297 0.347851
vn -0.906010 0.301619 -0.296939
vn 0.009292 0.271355 -0.962435
vn 0.009292 -0.213742 0.976846
vn -0.906010 0.126290 0.403977
vn -0.821926 0.474188 -0.315568
vn 0.033522 0.298726 -0.953750
vn 0.033523 -0.185506 0.982071
vn -0.821926 0.269764 0.501663
vn -0.528529 0.786016 -0.320682
vn 0.310153 0.617264 -0.723043
vn 0.310153 0.617264 -0.723043
vn -0.528529 0.786016 -0.320682
vn -0.528529 0.542459 0.652989
vn 0.310154 0.204141 0.928510
vn 0.310154 0.204141 0.928510
vn -0.528529 0.542459 0.652989
vn 0.000000 0.242666 -0.970110
vn -0.663441 -0.432249 -0.610743
vn -0.663442 -0.668895 0.335298
vn 0.000000 -0.242666 0.970110
vn 0.000000 0.242666 -0.970110
vn -0.560434 0.734731 -0.382210
vn 0.700508 -0.692313 -0.173177
vn 0.700508 -0.692313 -0.173177
vn 0.949062 -0.305671 -0.076461
vn 0.949062 -0.305671 -0.076461
vn -0.560434 0.468245 0.683126
vn 0.000000 -0.242666 0.970110
vn -0.560434 0.734731 -0.382210
vn -0.560434 0.468245 0.683126
vn -0.822843 0.099473 0.559494
vn -0.822843 0.351183 -0.446766
vn -0.815994 -0.178674 -0.549753
vn -0.815994 -0.416469 0.400883
vn -0.560434 0.468245 0.683126
vn -0.560434 0.734731 -0.382210
vn 0.437005 0.794870 -0.420962
vn -0.455713 0.790670 -0.408860
vn -0.518171 0.855271 0.003307
vn 0.528083 0.848925 -0.021320
vn -0.478391 0.864899 -0.151959
vn 0.478391 0.864899 -0.151959
vn 0.518632 0.425004 -0.741884
vn -0.518632 0.425004 -0.741885
vn -0.489963 -0.099558 -0.866039
vn 0.489963 -0.099558 -0.866039
vn -0.332895 -0.231130 -0.914199
vn -0.364852 -0.112396 -0.924257
vn 0.349435 -0.113107 -0.930109
vn 0.325229 -0.231784 -0.916789
vn -0.357497 0.197097 -0.912879
vn -0.395232 0.193861 -0.897892
vn 0.395233 0.193861 -0.897891
vn 0.357497 0.197097 -0.912879
vn -0.362520 0.210801 -0.907823
vn 0.362520 0.210801 -0.907823
vn -0.361256 0.433812 -0.825410
vn 0.361256 0.433812 -0.825410
vn -0.421206 0.571429 -0.704311
vn 0.421205 0.571429 -0.704311
vn -0.501835 0.792493 -0.346577
vn 0.501836 0.792493 -0.346577
vn -0.487594 -0.389578 -0.781333
vn 0.487595 -0.389577 -0.781333
vn 0.000000 -0.999935 -0.011375
vn 0.000000 -0.996233 0.086722
vn 0.000000 -0.996461 0.084056
vn 0.000000 -0.999935 -0.011375
vn 0.000000 -0.968888 0.247500
vn 0.000000 -0.968888 0.247500
vn 0.000000 -0.535976 0.844233
vn 0.000000 -0.064230 0.997935
vn 0.000000 -0.064230 0.997935
vn 0.000000 -0.535976 0.844233
vn 0.014549 0.246639 0.968998
vn 0.014549 0.246639 0.968998
vn 0.023301 0.069687 0.997297
vn 0.023297 0.070205 0.997261
vn 0.000000 -0.219655 0.975578
vn 0.000000 -0.219655 0.975578
vn 0.000000 -0.219655 0.975578
vn 0.000000 -0.219655 0.975578
vn 0.000000 -0.219110 0.975700
vn 0.000000 -0.219110 0.975700
vn 0.000000 -0.456320 0.889816
vn 0.000000 -0.456320 0.889816
vn 0.000000 -0.608648 0.793441
vn 0.000000 -0.608648 0.793441
vn 0.000000 -0.659447 0.751751
vn 0.000000 -0.659447 0.751751
vn 0.000000 0.480669 0.876902
vn 0.000000 0.480669 0.876902
vn 0.677454 0.021576 -0.735249
vn 0.437005 0.794870 -0.420962
vn 0.528083 0.848925 -0.021320
vn 0.999676 0.001701 -0.025394
vn -0.999676 -0.001701 0.025394
vn -0.518171 0.855271 0.003307
vn -0.455713 0.790670 -0.408860
vn -0.702524 0.018955 -0.711407
vn -0.702524 0.018955 -0.711407
vn -0.455713 0.790670 -0.408860
vn 0.437005 0.794870 -0.420962
vn 0.677454 0.021576 -0.735249
vn 0.478391 0.864899 -0.151959
vn 1.000000 0.000000 -0.000000
vn -1.000000 -0.000000 0.000000
vn -0.478391 0.864899 -0.151959
vn 1.000000 0.000000 -0.000000
vn 0.518632 0.425004 -0.741884
vn 0.489963 -0.099558 -0.866039
vn 1.000000 0.000000 -0.000000
vn -1.000000 -0.000000 0.000000
vn -0.489963 -0.099558 -0.866039
vn -0.518632 0.425004 -0.741885
vn -1.000000 -0.000000 0.000000
vn 1.000000 0.000000 -0.000000
vn 0.325229 -0.231784 -0.916789
vn 0.349435 -0.113107 -0.930109
vn 1.000000 0.000000 -0.000000
vn -1.000000 -0.000000 0.000000
vn -0.364852 -0.112396 -0.924257
vn -0.332895 -0.231130 -0.914199
vn -1.000000 -0.000000 0.000000
vn 1.000000 0.000000 -0.000000
vn 0.357497 0.197097 -0.912879
vn 0.395233 0.193861 -0.897891
vn 1.000000 0.000000 -0.000000
vn -1.000000 -0.000000 0.000000
vn -0.395232 0.193861 -0.897892
vn -0.357497 0.197097 -0.912879
vn -1.000000 -0.000000 0.000000
vn 0.362520 0.210801 -0.907823
vn 1.000000 0.000000 -0.000000
vn -1.000000 -0.000000 0.000000
vn -0.362520 0.210801 -0.907823
vn 0.361256 0.433812 -0.825410
vn 0.999516 0.026552 0.016220
vn -0.999516 0.026552 0.016220
vn -0.361256 0.433812 -0.825410
vn 0.421205 0.571429 -0.704311
vn 0.997733 0.048475 0.046681
vn -0.997733 0.048475 0.046682
vn -0.421206 0.571429 -0.704311
vn 0.501836 0.792493 -0.346577
vn 0.851220 0.335438 0.403616
vn 0.851220 0.335438 0.403616
vn 0.501836 0.792493 -0.346577
vn -0.501835 0.792493 -0.346577
vn -0.851219 0.335439 0.403618
vn -0.851219 0.335439 0.403618
vn -0.501835 0.792493 -0.346577
vn 1.000000 0.000000 -0.000000
vn 0.487595 -0.389577 -0.781333
vn -0.487594 -0.389578 -0.781333
vn -1.000000 -0.000000 0.000000
vn 1.000000 0.000000 -0.000000
vn 0.549080 0.737486 -0.393224
vn 0.000000 -0.862303 0.506393
vn 0.000000 -0.862303 0.506393
vn 0.000000 -0.535976 0.844233
vn 0.000000 -0.535976 0.844233
vn -0.549080 0.737486 -0.393224
vn -1.000000 -0.000000 0.000000
vn 0.549080 0.737486 -0.393224
vn -0.549080 0.737486 -0.393224
vn -0.518632 0.425004 -0.741885
vn 0.518632 0.425004 -0.741884
vn 0.489963 -0.099558 -0.866039
vn -0.489963 -0.099558 -0.866039
vn -0.549080 0.737486 -0.393224
vn 0.549080 0.737486 -0.393224
vn -0.437005 0.503056 0.745628
vn 0.455713 0.505049 0.732975
vn 0.518171 0.756099 0.399766
vn -0.528083 0.738906 0.418504
vn 0.478391 0.691491 0.541278
vn -0.478391 0.691491 0.541278
vn -0.518632 0.025652 0.854613
vn 0.518632 0.025651 0.854613
vn 0.489963 -0.495586 0.717169
vn -0.489963 -0.495586 0.717169
vn 0.332895 -0.634337 0.697709
vn 0.364852 -0.534322 0.762485
vn -0.349435 -0.537705 0.767313
vn -0.325229 -0.636133 0.699686
vn 0.357497 -0.255922 0.898165
vn 0.395232 -0.251721 0.883419
vn -0.395233 -0.251720 0.883418
vn -0.357497 -0.255922 0.898165
vn 0.362520 -0.241452 0.900156
vn -0.362520 -0.241452 0.900156
vn 0.361256 -0.005903 0.932448
vn -0.361256 -0.005903 0.932448
vn 0.421206 0.172523 0.890405
vn -0.421205 0.172523 0.890406
vn 0.501835 0.535981 0.678886
vn -0.501836 0.535981 0.678885
vn 0.487594 -0.711567 0.505890
vn -0.487595 -0.711566 0.505890
vn 0.000000 -0.887525 -0.460759
vn 0.000000 -0.838072 -0.545560
vn 0.000000 -0.839529 -0.543316
vn 0.000000 -0.887525 -0.460759
vn 0.000000 -0.738250 -0.674528
vn 0.000000 -0.738250 -0.674528
vn 0.000000 -0.075366 -0.997156
vn 0.000000 0.413188 -0.910646
vn 0.000000 0.413188 -0.910646
vn 0.000000 -0.075366 -0.997156
vn -0.014549 0.673820 -0.738752
vn -0.014549 0.673820 -0.738752
vn -0.023301 0.531032 -0.847031
vn -0.023297 0.531472 -0.846755
vn 0.000000 0.265541 -0.964100
vn 0.000000 0.265541 -0.964100
vn 0.000000 0.265541 -0.964100
vn 0.000000 0.265541 -0.964100
vn 0.000000 0.266079 -0.963951
vn 0.000000 0.266079 -0.963951
vn 0.000000 0.016371 -0.999866
vn 0.000000 0.016371 -0.999866
vn 0.000000 -0.163393 -0.986561
vn 0.000000 -0.163393 -0.986561
vn 0.000000 -0.227839 -0.973699
vn 0.000000 -0.227839 -0.973699
vn 0.000000 0.836927 -0.547315
vn 0.000000 0.836927 -0.547315
vn -0.677454 -0.327139 0.658814
vn -0.437005 0.503056 0.745628
vn -0.528083 0.738906 0.418504
vn -0.999676 -0.010455 0.023204
vn 0.999676 0.010455 -0.023204
vn 0.518171 0.756099 0.399766
vn 0.455713 0.505049 0.732975
vn 0.702524 -0.318226 0.636547
vn 0.702524 -0.318226 0.636547
vn 0.455713 0.505049 0.732975
vn -0.437005 0.503056 0.745628
vn -0.677454 -0.327139 0.658814
vn -0.478391 0.691491 0.541278
vn -1.000000 0.000000 -0.000000
vn 1.000000 -0.000000 0.000000
vn 0.478391 0.691491 0.541278
vn -1.000000 0.000000 -0.000000
vn -0.518632 0.025652 0.854613
vn -0.489963 -0.495586 0.717169
vn -1.000000 0.000000 -0.000000
vn 1.000000 -0.000000 0.000000
vn 0.489963 -0.495586 0.717169
vn 0.518632 0.025651 0.854613
vn 1.000000 -0.000000 0.000000
vn -1.000000 0.000000 -0.000000
vn -0.325229 -0.636133 0.699686
vn -0.349435 -0.537705 0.767313
vn -1.000000 0.000000 -0.000000
vn 1.000000 -0.000000 0.000000
vn 0.364852 -0.534322 0.762485
vn 0.332895 -0.634337 0.697709
vn 1.000000 -0.000000 0.000000
vn -1.000000 0.000000 -0.000000
vn -0.357497 -0.255922 0.898165
vn -0.395233 -0.251720 0.883418
vn -1.000000 0.000000 -0.000000
vn 1.000000 -0.000000 0.000000
vn 0.395232 -0.251721 0.883419
vn 0.357497 -0.255922 0.898165
vn 1.000000 -0.000000 0.000000
vn -0.362520 -0.241452 0.900156
vn -1.000000 0.000000 -0.000000
vn 1.000000 -0.000000 0.000000
vn 0.362520 -0.241452 0.900156
vn -0.361256 -0.005903 0.932448
vn -0.999516 0.031061 -0.001809
vn 0.999516 0.031061 -0.001809
vn 0.361256 -0.005903 0.932448
vn -0.421205 0.172523 0.890406
vn -0.997733 0.064744 -0.018359
vn 0.997733 0.064745 -0.018360
vn 0.421206 0.172523 0.890405
vn -0.501836 0.535981 0.678885
vn -0.851220 0.485965 -0.198148
vn -0.851220 0.485965 -0.198148
vn -0.501836 0.535981 0.678885
vn 0.501835 0.535981 0.678886
vn 0.851219 0.485967 -0.198149
vn 0.851219 0.485967 -0.198149
vn 0.501835 0.535981 0.678886
vn -1.000000 0.000000 -0.000000
vn -0.487595 -0.711566 0.505890
vn 0.487594 -0.711567 0.505890
vn 1.000000 -0.000000 0.000000
vn -1.000000 0.000000 -0.000000
vn -0.549080 0.465490 0.694140
vn 0.000000 -0.522324 -0.852747
vn 0.000000 -0.522324 -0.852747
vn 0.000000 -0.075366 -0.997156
vn 0.000000 -0.075366 -0.997156
vn 0.549080 0.465490 0.694140
vn 1.000000 -0.000000 0.000000
vn -0.549080 0.465490 0.694140
vn 0.549080 0.465490 0.694140
vn 0.518632 0.025651 0.854613
vn -0.518632 0.025652 0.854613
vn -0.489963 -0.495586 0.717169
vn 0.489963 -0.495586 0.717169
vn 0.549080 0.465490 0.694140
vn -0.549080 0.465490 0.694140
s 1
g Antorcha_Lp1
usemtl initialShadingGroup
f 1/1/1 439/820/2 440/821/3 11/4/4
s 2
f 2/5/5 232/451/6 233/452/7 12/8/8
f 3/6/9 255/492/10 256/493/11 13/7/12
f 4/9/13 278/533/14 279/534/15 14/10/16
s 5
f 5/13/17 301/574/18 302/575/19 15/16/20
f 6/14/21 324/615/22 325/616/23 16/15/24
s 7
f 7/19/25 347/656/26 348/657/27 17/22/28
f 8/20/29 370/697/30 371/698/31 18/21/32
f 9/23/33 393/738/34 394/739/35 19/24/36
s 1
f 10/27/37 416/779/38 417/780/39 20/28/40
f 11/4/4 440/821/3 441/822/41 21/30/42
s 2
f 12/8/8 233/452/7 234/453/43 22/32/44
f 13/7/12 256/493/11 257/494/45 23/31/46
f 14/10/16 279/534/15 280/535/47 24/33/48
s 5
f 15/16/20 302/575/19 303/576/49 25/36/50
f 16/15/24 325/616/23 326/617/51 26/35/52
s 7
f 17/22/28 348/657/27 349/658/53 27/39/54
f 18/21/32 371/698/31 372/699/55 28/38/56
f 19/24/36 394/739/35 395/740/57 29/40/58
s 1
f 20/28/40 417/780/39 418/781/59 30/42/60
f 21/30/42 441/822/41 442/823/61 31/44/62
s 2
f 22/32/44 234/453/43 235/454/63 32/46/64
f 23/31/46 257/494/45 258/495/65 33/45/66
f 24/33/48 280/535/47 281/536/67 34/47/68
s 5
f 25/36/50 303/576/49 304/577/69 35/50/70
f 26/35/52 326/617/51 327/618/71 36/49/72
s 7
f 27/39/54 349/658/53 350/659/73 37/53/74
f 28/38/56 372/699/55 373/700/75 38/52/76
f 29/40/58 395/740/57 396/741/77 39/54/78
s 1
f 30/42/60 418/781/59 419/782/79 40/56/80
f 31/44/62 442/823/61 443/824/81 49/58/82
s 2
f 32/46/64 235/454/63 236/455/83 48/60/84
f 33/45/66 258/495/65 259/496/85 47/59/86
f 34/47/68 281/536/67 282/537/87 46/61/88
s 5
f 35/50/70 304/577/69 305/578/89 45/64/90
f 36/49/72 327/618/71 328/619/91 44/63/92
s 7
f 37/53/74 350/659/73 351/660/93 43/67/94
f 38/52/76 373/700/75 374/701/95 42/66/96
f 39/54/78 396/741/77 397/742/97 51/68/98
s 1
f 40/56/80 419/782/79 420/783/99 50/70/100
f 2/2/101 439/820/2 1/1/1 41/71/102
s 2
f 3/6/9 232/451/6 2/5/5 41/72/103
f 4/9/13 255/492/10 3/6/9 41/72/103
f 5/11/104 278/533/14 4/9/13 41/72/103
s 5
f 6/14/21 301/574/18 5/13/17 41/73/105
f 7/17/106 324/615/22 6/14/21 41/73/105
s 7
f 8/20/29 347/656/26 7/19/25 41/74/107
f 9/23/33 370/697/30 8/20/29 41/74/107
f 10/25/108 393/738/34 9/23/33 41/74/107
s 1
f 1/1/1 416/779/38 10/27/37 41/71/102
s 11
f 43/75/109 351/661/110 352/662/111 53/78/112
s 12
f 44/79/113 328/620/114 329/621/115 54/82/116
f 45/83/117 305/579/118 306/580/119 55/84/120
f 46/85/121 282/538/122 283/539/123 56/86/124
f 47/87/125 259/497/126 260/498/127 57/88/128
f 48/89/129 236/456/130 237/457/131 58/90/132
s 11
f 49/91/133 443/825/134 444/826/135 59/94/136
f 50/95/137 420/784/138 421/785/139 60/96/140
f 61/97/141 51/98/142 397/743/143 398/744/144
f 42/76/145 374/702/146 375/703/147 52/77/148
s 15
f 53/99/149 352/663/150 353/664/151 73/102/152
f 54/103/153 329/622/154 330/623/155 74/104/156
f 55/105/157 306/581/158 307/582/159 75/106/160
f 56/107/161 283/540/162 284/541/163 76/108/164
f 57/109/165 260/499/166 261/500/167 77/112/168
f 58/113/169 237/458/170 238/459/171 78/114/172
f 59/115/173 444/827/174 445/828/175 79/116/176
f 60/117/177 421/786/178 422/787/179 80/118/180
f 81/119/181 61/120/182 398/745/183 399/746/184
f 52/100/185 375/704/186 376/705/187 72/101/188
s 18
f 83/121/189 354/666/190 355/668/191 85/124/192
f 86/125/193 331/625/194 332/627/195 87/126/196
f 88/127/197 308/584/198 309/586/199 89/128/200
f 90/129/201 285/543/202 286/545/203 91/130/204
f 92/131/205 262/502/206 263/504/207 93/132/208
f 94/133/209 239/461/210 240/463/211 95/134/212
f 96/135/213 446/830/214 447/832/215 97/136/216
f 98/137/217 423/789/218 424/791/219 99/138/220
f 100/139/221 400/748/222 401/750/223 101/140/224
f 84/141/225 82/142/226 377/707/227 378/709/228
s 19
f 73/143/229 353/665/230 354/667/231 83/146/232
s 20
f 355/669/233 356/670/234 63/149/235 85/150/236
s 19
f 74/151/237 330/624/238 331/626/239 86/152/240
s 20
f 332/628/241 333/629/242 64/153/243 87/154/244
s 19
f 75/155/245 307/583/246 308/585/247 88/156/248
s 20
f 309/587/249 310/588/250 65/157/251 89/158/252
s 19
f 76/159/253 284/542/254 285/544/255 90/160/256
s 20
f 286/546/257 287/547/258 66/161/259 91/162/260
s 19
f 77/163/261 261/501/262 262/503/263 92/164/264
s 20
f 263/505/265 264/506/266 67/165/267 93/166/268
s 19
f 78/167/269 238/460/270 239/462/271 94/168/272
s 20
f 240/464/273 241/465/274 68/169/275 95/170/276
s 19
f 79/171/277 445/829/278 446/831/279 96/172/280
s 20
f 447/833/281 448/834/282 69/173/283 97/174/284
s 19
f 80/175/285 422/788/286 423/790/287 98/176/288
s 20
f 424/792/289 425/793/290 70/177/291 99/178/292
s 19
f 81/179/293 399/747/294 400/749/295 100/180/296
s 20
f 401/751/297 402/752/298 71/181/299 101/182/300
s 19
f 82/145/301 72/144/302 376/706/303 377/708/304
s 20
f 378/710/305 379/711/306 62/148/307 84/147/308
s 21
f 63/183/309 356/671/310 357/672/311 103/186/312
f 64/187/313 333/630/314 334/631/315 104/188/316
f 65/189/317 310/589/318 311/590/319 105/192/320
f 66/193/321 287/548/322 288/549/323 106/194/324
f 67/195/325 264/507/326 265/508/327 107/196/328
f 68/197/329 241/466/330 242/467/331 108/198/332
f 69/199/333 448/835/334 449/836/335 109/200/336
f 70/201/337 425/794/338 426/795/339 110/202/340
f 71/203/341 402/753/342 403/754/343 111/204/344
f 102/185/345 62/184/346 379/712/347 380/713/348
s 23
f 133/205/349 358/674/350 359/676/351 143/208/352
f 134/209/353 335/633/354 336/635/355 144/212/356
f 135/213/357 312/592/358 313/594/359 145/214/360
f 136/215/361 289/551/362 290/553/363 146/216/364
f 137/217/365 266/510/366 267/512/367 147/218/368
f 138/219/369 243/469/370 244/471/371 148/220/372
f 139/221/373 450/838/374 451/840/375 149/222/376
f 140/223/377 427/797/378 428/799/379 150/224/380
f 141/225/381 404/756/382 405/758/383 151/226/384
f 142/207/385 132/206/386 381/715/387 382/717/388
s 25
f 113/227/389 362/682/390 363/684/391 123/230/392
f 114/231/393 339/641/394 340/643/395 124/234/396
f 115/235/397 316/600/398 317/602/399 125/236/400
f 116/237/401 293/559/402 294/561/403 126/238/404
f 117/239/405 270/518/406 271/520/407 127/240/408
f 118/241/409 247/477/410 248/479/411 128/242/412
f 119/243/413 454/846/414 455/848/415 129/244/416
f 120/245/417 431/805/418 432/807/419 130/246/420
f 121/247/421 408/764/422 409/766/423 131/248/424
f 122/229/425 112/228/426 385/723/427 386/725/428
s 27
f 193/249/429 364/686/430 365/688/431 195/252/432
f 196/253/433 341/645/434 342/647/435 197/254/436
f 198/255/437 318/604/438 319/606/439 199/256/440
f 200/257/441 295/563/442 296/565/443 201/258/444
f 202/259/445 272/522/446 273/524/447 203/260/448
f 204/261/449 249/481/450 250/483/451 205/262/452
f 206/263/453 456/850/454 457/852/455 207/264/456
f 208/265/457 433/809/458 434/811/459 209/266/460
f 210/267/461 410/768/462 411/770/463 211/268/464
f 194/251/465 192/250/466 387/727/467 388/729/468
s 28
f 213/269/469 368/694/470 369/696/471 215/272/472
f 216/273/473 345/653/474 346/655/475 217/274/476
f 218/275/477 322/612/478 323/614/479 219/276/480
f 220/277/481 299/571/482 300/573/483 221/278/484
f 222/279/485 276/530/486 277/532/487 223/280/488
f 224/281/489 253/489/490 254/491/491 225/282/492
f 226/283/493 460/858/494 461/860/495 227/284/496
f 228/285/497 437/817/498 438/819/499 229/286/500
f 231/287/501 230/288/502 414/776/503 415/778/504
f 212/270/505 391/735/506 392/737/507 214/271/508
s 30
f 103/289/509 357/673/510 358/675/511 133/292/512
s 31
f 361/680/513 362/683/514 113/295/515 155/296/516
s 30
f 104/297/517 334/632/518 335/634/519 134/298/520
s 31
f 338/639/521 339/642/522 114/299/523 157/300/524
s 30
f 105/301/525 311/591/526 312/593/527 135/302/528
s 31
f 315/598/529 316/601/530 115/303/531 159/304/532
s 30
f 106/305/533 288/550/534 289/552/535 136/306/536
s 31
f 292/557/537 293/560/538 116/307/539 161/308/540
s 30
f 107/309/541 265/509/542 266/511/543 137/310/544
s 31
f 269/516/545 270/519/546 117/311/547 163/312/548
s 30
f 108/313/549 242/468/550 243/470/551 138/314/552
s 31
f 246/475/553 247/478/554 118/315/555 165/316/556
s 30
f 109/317/557 449/837/558 450/839/559 139/318/560
s 31
f 453/844/561 454/847/562 119/319/563 167/320/564
s 30
f 110/321/565 426/796/566 427/798/567 140/322/568
s 31
f 430/803/569 431/806/570 120/323/571 169/324/572
s 30
f 111/325/573 403/755/574 404/757/575 141/326/576
s 31
f 407/762/577 408/765/578 121/327/579 171/328/580
s 30
f 132/291/581 102/290/582 380/714/583 381/716/584
s 31
f 384/721/585 385/724/586 112/294/587 154/293/588
s 32
f 153/329/589 360/678/590 361/681/591 155/332/592
f 156/333/593 337/637/594 338/640/595 157/334/596
f 158/335/597 314/596/598 315/599/599 159/336/600
f 160/337/601 291/555/602 292/558/603 161/338/604
f 162/339/605 268/514/606 269/517/607 163/340/608
f 164/341/609 245/473/610 246/476/611 165/342/612
f 166/343/613 452/842/614 453/845/615 167/344/616
f 168/345/617 429/801/618 430/804/619 169/346/620
f 170/347/621 406/760/622 407/763/623 171/348/624
f 154/349/625 152/350/626 383/719/627 384/722/628
s 33
f 143/351/629 359/677/630 360/679/631 153/354/632
f 144/355/633 336/636/634 337/638/635 156/356/636
f 145/357/637 313/595/638 314/597/639 158/358/640
f 146/359/641 290/554/642 291/556/643 160/360/644
f 147/361/645 267/513/646 268/515/647 162/362/648
f 148/363/649 244/472/650 245/474/651 164/364/652
f 149/365/653 451/841/654 452/843/655 166/366/656
f 150/367/657 428/800/658 429/802/659 168/368/660
f 151/369/661 405/759/662 406/761/663 170/370/664
f 152/353/665 142/352/666 382/718/667 383/720/668
s 34
f 123/371/669 363/685/670 364/687/671 193/374/672
f 124/375/673 340/644/674 341/646/675 196/376/676
f 125/377/677 317/603/678 318/605/679 198/378/680
f 126/379/681 294/562/682 295/564/683 200/380/684
f 127/381/685 271/521/686 272/523/687 202/382/688
f 128/383/689 248/480/690 249/482/691 204/384/692
f 129/385/693 455/849/694 456/851/695 206/386/696
f 130/387/697 432/808/698 433/810/699 208/388/700
f 131/389/701 409/767/702 410/769/703 210/390/704
f 192/373/705 122/372/706 386/726/707 387/728/708
s 35
f 183/391/709 389/731/710 390/733/711 172/394/712
f 184/395/713 366/690/714 367/692/715 173/396/716
f 185/397/717 343/649/718 344/651/719 174/398/720
f 186/399/721 320/608/722 321/610/723 175/400/724
f 187/401/725 297/567/726 298/569/727 176/402/728
f 188/403/729 274/526/730 275/528/731 177/404/732
f 189/405/733 251/485/734 252/487/735 178/406/736
f 190/407/737 458/854/738 459/856/739 179/408/740
f 191/409/741 435/813/742 436/815/743 180/410/744
f 181/393/745 182/392/746 412/772/747 413/774/748
s 37
f 365/689/749 366/691/750 184/413/751 195/414/752
f 342/648/753 343/650/754 185/415/755 197/416/756
f 319/607/757 320/609/758 186/417/759 199/418/760
f 296/566/761 297/568/762 187/419/763 201/420/764
f 273/525/765 274/527/766 188/421/767 203/422/768
f 250/484/769 251/486/770 189/423/771 205/424/772
f 457/853/773 458/855/774 190/425/775 207/426/776
f 434/812/777 435/814/778 191/427/779 209/428/780
f 411/771/781 412/773/782 182/429/783 211/430/784
f 388/730/785 389/732/786 183/412/787 194/411/788
s 38
f 413/775/789 414/777/790 230/432/791 181/433/792
f 436/816/793 437/818/794 228/431/795 180/434/796
f 459/857/797 460/859/798 226/435/799 179/436/800
f 252/488/801 253/490/802 224/437/803 178/438/804
f 275/529/805 276/531/806 222/439/807 177/440/808
f 298/570/809 299/572/810 220/441/811 176/442/812
f 321/611/813 322/613/814 218/443/815 175/444/816
f 344/652/817 345/654/818 216/445/819 174/446/820
f 367/693/821 368/695/822 213/447/823 173/448/824
f 390/734/825 391/736/826 212/449/827 172/450/828
s 2
f 233/452/7 232/451/6 3/6/9 13/7/12
f 234/453/43 233/452/7 13/7/12 23/31/46
f 235/454/63 234/453/43 23/31/46 33/45/66
f 236/455/83 235/454/63 33/45/66 47/59/86
s 12
f 237/457/131 236/456/130 47/87/125 57/88/128
s 15
f 238/459/171 237/458/170 57/109/165 77/112/168
s 19
f 239/462/271 238/460/270 77/163/261 92/164/264
s 18
f 240/463/211 239/461/210 92/131/205 93/132/208
s 20
f 67/165/267 241/465/274 240/464/273 93/166/268
s 21
f 242/467/331 241/466/330 67/195/325 107/196/328
s 30
f 243/470/551 242/468/550 107/309/541 137/310/544
s 23
f 244/471/371 243/469/370 137/217/365 147/218/368
s 33
f 245/474/651 244/472/650 147/361/645 162/362/648
s 32
f 246/476/611 245/473/610 162/339/605 163/340/608
s 31
f 117/311/547 247/478/554 246/475/553 163/312/548
s 25
f 248/479/411 247/477/410 117/239/405 127/240/408
s 34
f 249/482/691 248/480/690 127/381/685 202/382/688
s 27
f 250/483/451 249/481/450 202/259/445 203/260/448
s 37
f 188/421/767 251/486/770 250/484/769 203/422/768
s 35
f 252/487/735 251/485/734 188/403/729 177/404/732
s 38
f 222/439/807 253/490/802 252/488/801 177/440/808
s 28
f 254/491/491 253/489/490 222/279/485 223/280/488
s 2
f 256/493/11 255/492/10 4/9/13 14/10/16
f 257/494/45 256/493/11 14/10/16 24/33/48
f 258/495/65 257/494/45 24/33/48 34/47/68
f 259/496/85 258/495/65 34/47/68 46/61/88
s 12
f 260/498/127 259/497/126 46/85/121 56/86/124
s 15
f 261/500/167 260/499/166 56/110/829 76/111/830
s 19
f 262/503/263 261/501/262 76/159/253 90/160/256
s 18
f 263/504/207 262/502/206 90/129/201 91/130/204
s 20
f 66/161/259 264/506/266 263/505/265 91/162/260
s 21
f 265/508/327 264/507/326 66/193/321 106/194/324
s 30
f 266/511/543 265/509/542 106/305/533 136/306/536
s 23
f 267/512/367 266/510/366 136/215/361 146/216/364
s 33
f 268/515/647 267/513/646 146/359/641 160/360/644
s 32
f 269/517/607 268/514/606 160/337/601 161/338/604
s 31
f 116/307/539 270/519/546 269/516/545 161/308/540
s 25
f 271/520/407 270/518/406 116/237/401 126/238/404
s 34
f 272/523/687 271/521/686 126/379/681 200/380/684
s 27
f 273/524/447 272/522/446 200/257/441 201/258/444
s 37
f 187/419/763 274/527/766 273/525/765 201/420/764
s 35
f 275/528/731 274/526/730 187/401/725 176/402/728
s 38
f 220/441/811 276/531/806 275/529/805 176/442/812
s 28
f 277/532/487 276/530/486 220/277/481 221/278/484
s 2
f 279/534/15 278/533/14 5/11/104 15/12/831
f 280/535/47 279/534/15 15/12/831 25/34/832
f 281/536/67 280/535/47 25/34/832 35/48/833
f 282/537/87 281/536/67 35/48/833 45/62/834
s 12
f 283/539/123 282/538/122 45/83/117 55/84/120
s 15
f 284/541/163 283/540/162 55/105/157 75/106/160
s 19
f 285/544/255 284/542/254 75/155/245 88/156/248
s 18
f 286/545/203 285/543/202 88/127/197 89/128/200
s 20
f 65/157/251 287/547/258 286/546/257 89/158/252
s 21
f 288/549/323 287/548/322 65/189/317 105/192/320
s 30
f 289/552/535 288/550/534 105/301/525 135/302/528
s 23
f 290/553/363 289/551/362 135/213/357 145/214/360
s 33
f 291/556/643 290/554/642 145/357/637 158/358/640
s 32
f 292/558/603 291/555/602 158/335/597 159/336/600
s 31
f 115/303/531 293/560/538 292/557/537 159/304/532
s 25
f 294/561/403 293/559/402 115/235/397 125/236/400
s 34
f 295/564/683 294/562/682 125/377/677 198/378/680
s 27
f 296/565/443 295/563/442 198/255/437 199/256/440
s 37
f 186/417/759 297/568/762 296/566/761 199/418/760
s 35
f 298/569/727 297/567/726 186/399/721 175/400/724
s 38
f 218/443/815 299/572/810 298/570/809 175/444/816
s 28
f 300/573/483 299/571/482 218/275/477 219/276/480
s 5
f 302/575/19 301/574/18 6/14/21 16/15/24
f 303/576/49 302/575/19 16/15/24 26/35/52
f 304/577/69 303/576/49 26/35/52 36/49/72
f 305/578/89 304/577/69 36/49/72 44/63/92
s 12
f 306/580/119 305/579/118 44/79/113 54/82/116
s 15
f 307/582/159 306/581/158 54/103/153 74/104/156
s 19
f 308/585/247 307/583/246 74/151/237 86/152/240
s 18
f 309/586/199 308/584/198 86/125/193 87/126/196
s 20
f 64/153/243 310/588/250 309/587/249 87/154/244
s 21
f 311/590/319 310/589/318 64/190/835 104/191/836
s 30
f 312/593/527 311/591/526 104/297/517 134/298/520
s 23
f 313/594/359 312/592/358 134/209/353 144/212/356
s 33
f 314/597/639 313/595/638 144/355/633 156/356/636
s 32
f 315/599/599 314/596/598 156/333/593 157/334/596
s 31
f 114/299/523 316/601/530 315/598/529 157/300/524
s 25
f 317/602/399 316/600/398 114/231/393 124/234/396
s 34
f 318/605/679 317/603/678 124/375/673 196/376/676
s 27
f 319/606/439 318/604/438 196/253/433 197/254/436
s 37
f 185/415/755 320/609/758 319/607/757 197/416/756
s 35
f 321/610/723 320/608/722 185/397/717 174/398/720
s 38
f 216/445/819 322/613/814 321/611/813 174/446/820
s 28
f 323/614/479 322/612/478 216/273/473 217/274/476
s 5
f 325/616/23 324/615/22 7/17/106 17/18/837
f 326/617/51 325/616/23 17/18/837 27/37/838
f 327/618/71 326/617/51 27/37/838 37/51/839
f 328/619/91 327/618/71 37/51/839 43/65/840
s 12
f 329/621/115 328/620/114 43/80/841 53/81/842
s 15
f 330/623/155 329/622/154 53/99/149 73/102/152
s 19
f 331/626/239 330/624/238 73/143/229 83/146/232
s 18
f 332/627/195 331/625/194 83/121/189 85/124/192
s 20
f 63/149/235 333/629/242 332/628/241 85/150/236
s 21
f 334/631/315 333/630/314 63/183/309 103/186/312
s 30
f 335/634/519 334/632/518 103/289/509 133/292/512
s 23
f 336/635/355 335/633/354 133/210/843 143/211/844
s 33
f 337/638/635 336/636/634 143/351/629 153/354/632
s 32
f 338/640/595 337/637/594 153/329/589 155/332/592
s 31
f 113/295/515 339/642/522 338/639/521 155/296/516
s 25
f 340/643/395 339/641/394 113/232/845 123/233/846
s 34
f 341/646/675 340/644/674 123/371/669 193/374/672
s 27
f 342/647/435 341/645/434 193/249/429 195/252/432
s 37
f 184/413/751 343/650/754 342/648/753 195/414/752
s 35
f 344/651/719 343/649/718 184/395/713 173/396/716
s 38
f 213/447/823 345/654/818 344/652/817 173/448/824
s 28
f 346/655/475 345/653/474 213/269/469 215/272/472
s 7
f 348/657/27 347/656/26 8/20/29 18/21/32
f 349/658/53 348/657/27 18/21/32 28/38/56
f 350/659/73 349/658/53 28/38/56 38/52/76
f 351/660/93 350/659/73 38/52/76 42/66/96
s 11
f 352/662/111 351/661/110 42/76/145 52/77/148
s 15
f 353/664/151 352/663/150 52/100/185 72/101/188
s 19
f 354/667/231 353/665/230 72/144/302 82/145/301
s 18
f 355/668/191 354/666/190 82/122/847 84/123/848
s 20
f 84/147/308 62/148/307 356/670/234 355/669/233
s 21
f 357/672/311 356/671/310 62/184/346 102/185/345
s 30
f 358/675/511 357/673/510 102/290/582 132/291/581
s 23
f 359/676/351 358/674/350 132/206/386 142/207/385
s 33
f 360/679/631 359/677/630 142/352/666 152/353/665
s 32
f 361/681/591 360/678/590 152/330/849 154/331/850
s 31
f 154/293/588 112/294/587 362/683/514 361/680/513
s 25
f 363/684/391 362/682/390 112/228/426 122/229/425
s 34
f 364/687/671 363/685/670 122/372/706 192/373/705
s 27
f 365/688/431 364/686/430 192/250/851 194/251/852
s 37
f 194/411/788 183/412/787 366/691/750 365/689/749
s 35
f 367/692/715 366/690/714 183/391/853 172/394/854
s 38
f 212/449/827 368/695/822 367/693/821 172/450/828
s 28
f 369/696/471 368/694/470 212/270/855 214/271/856
s 7
f 371/698/31 370/697/30 9/23/33 19/24/36
f 372/699/55 371/698/31 19/24/36 29/40/58
f 373/700/75 372/699/55 29/40/58 39/54/78
f 374/701/95 373/700/75 39/54/78 51/68/98
s 11
f 375/703/147 374/702/146 51/98/142 61/97/141
s 15
f 376/705/187 375/704/186 61/120/182 81/119/181
s 19
f 377/708/304 376/706/303 81/179/293 100/180/296
s 18
f 378/709/228 377/707/227 100/139/221 101/140/224
s 20
f 71/181/299 379/711/306 378/710/305 101/182/300
s 21
f 380/713/348 379/712/347 71/203/341 111/204/344
s 30
f 381/716/584 380/714/583 111/325/573 141/326/576
s 23
f 382/717/388 381/715/387 141/225/381 151/226/384
s 33
f 383/720/668 382/718/667 151/369/661 170/370/664
s 32
f 384/722/628 383/719/627 170/347/621 171/348/624
s 31
f 121/327/579 385/724/586 384/721/585 171/328/580
s 25
f 386/725/428 385/723/427 121/247/421 131/248/424
s 34
f 387/728/708 386/726/707 131/389/701 210/390/704
s 27
f 388/729/468 387/727/467 210/267/461 211/268/464
s 37
f 182/429/783 389/732/786 388/730/785 211/430/784
s 35
f 390/733/711 389/731/710 182/392/746 181/393/745
s 38
f 181/433/792 230/432/791 391/736/826 390/734/825
s 28
f 392/737/507 391/735/506 230/288/502 231/287/501
s 7
f 394/739/35 393/738/34 10/25/108 20/26/857
f 395/740/57 394/739/35 20/26/857 30/41/858
f 396/741/77 395/740/57 30/41/858 40/55/859
f 397/742/97 396/741/77 40/55/859 50/69/860
s 11
f 398/744/144 397/743/143 50/95/137 60/96/140
s 15
f 399/746/184 398/745/183 60/117/177 80/118/180
s 19
f 400/749/295 399/747/294 80/175/285 98/176/288
s 18
f 401/750/223 400/748/222 98/137/217 99/138/220
s 20
f 70/177/291 402/752/298 401/751/297 99/178/292
s 21
f 403/754/343 402/753/342 70/201/337 110/202/340
s 30
f 404/757/575 403/755/574 110/321/565 140/322/568
s 23
f 405/758/383 404/756/382 140/223/377 150/224/380
s 33
f 406/761/663 405/759/662 150/367/657 168/368/660
s 32
f 407/763/623 406/760/622 168/345/617 169/346/620
s 31
f 120/323/571 408/765/578 407/762/577 169/324/572
s 25
f 409/766/423 408/764/422 120/245/417 130/246/420
s 34
f 410/769/703 409/767/702 130/387/697 208/388/700
s 27
f 411/770/463 410/768/462 208/265/457 209/266/460
s 37
f 191/427/779 412/773/782 411/771/781 209/428/780
s 35
f 413/774/748 412/772/747 191/409/741 180/410/744
s 38
f 228/431/795 414/777/790 413/775/789 180/434/796
s 28
f 415/778/504 414/776/503 228/285/497 229/286/500
s 1
f 417/780/39 416/779/38 1/1/1 11/4/4
f 418/781/59 417/780/39 11/4/4 21/30/42
f 419/782/79 418/781/59 21/30/42 31/44/62
f 420/783/99 419/782/79 31/44/62 49/58/82
s 11
f 421/785/139 420/784/138 49/91/133 59/94/136
s 15
f 422/787/179 421/786/178 59/115/173 79/116/176
s 19
f 423/790/287 422/788/286 79/171/277 96/172/280
s 18
f 424/791/219 423/789/218 96/135/213 97/136/216
s 20
f 69/173/283 425/793/290 424/792/289 97/174/284
s 21
f 426/795/339 425/794/338 69/199/333 109/200/336
s 30
f 427/798/567 426/796/566 109/317/557 139/318/560
s 23
f 428/799/379 427/797/378 139/221/373 149/222/376
s 33
f 429/802/659 428/800/658 149/365/653 166/366/656
s 32
f 430/804/619 429/801/618 166/343/613 167/344/616
s 31
f 119/319/563 431/806/570 430/803/569 167/320/564
s 25
f 432/807/419 431/805/418 119/243/413 129/244/416
s 34
f 433/810/699 432/808/698 129/385/693 206/386/696
s 27
f 434/811/459 433/809/458 206/263/453 207/264/456
s 37
f 190/425/775 435/814/778 434/812/777 207/426/776
s 35
f 436/815/743 435/813/742 190/407/737 179/408/740
s 38
f 226/435/799 437/818/794 436/816/793 179/436/800
s 28
f 438/819/499 437/817/498 226/283/493 227/284/496
s 1
f 440/821/3 439/820/2 2/2/101 12/3/861
f 441/822/41 440/821/3 12/3/861 22/29/862
f 442/823/61 441/822/41 22/29/862 32/43/863
f 443/824/81 442/823/61 32/43/863 48/57/864
s 11
f 444/826/135 443/825/134 48/92/865 58/93/866
s 15
f 445/828/175 444/827/174 58/113/169 78/114/172
s 19
f 446/831/279 445/829/278 78/167/269 94/168/272
s 18
f 447/832/215 446/830/214 94/133/209 95/134/212
s 20
f 68/169/275 448/834/282 447/833/281 95/170/276
s 21
f 449/836/335 448/835/334 68/197/329 108/198/332
s 30
f 450/839/559 449/837/558 108/313/549 138/314/552
s 23
f 451/840/375 450/838/374 138/219/369 148/220/372
s 33
f 452/843/655 451/841/654 148/363/649 164/364/652
s 32
f 453/845/615 452/842/614 164/341/609 165/342/612
s 31
f 118/315/555 454/847/562 453/844/561 165/316/556
s 25
f 455/848/415 454/846/414 118/241/409 128/242/412
s 34
f 456/851/695 455/849/694 128/383/689 204/384/692
s 27
f 457/852/455 456/850/454 204/261/449 205/262/452
s 37
f 189/423/771 458/855/774 457/853/773 205/424/772
s 35
f 459/856/739 458/854/738 189/405/733 178/406/736
s 38
f 224/437/803 460/859/798 459/857/797 178/438/804
s 28
f 461/860/495 460/858/494 224/281/489 225/282/492
s off
f 369/861/867 214/862/868 462/863/869
f 346/864/870 215/865/871 462/863/872
f 323/866/873 217/867/874 462/863/875
f 300/868/876 219/869/877 462/863/878
f 277/870/879 221/871/880 462/863/881
f 254/872/882 223/873/883 462/863/884
f 461/874/885 225/875/886 462/863/887
f 438/876/888 227/877/889 462/863/890
f 415/878/891 229/879/892 462/863/893
f 392/880/894 231/881/895 462/863/896
f 225/875/897 254/872/898 462/863/899
f 223/873/900 277/870/901 462/863/902
f 221/871/903 300/868/904 462/863/905
f 219/869/906 323/866/907 462/863/908
f 217/867/909 346/864/910 462/863/911
f 215/865/912 369/861/913 462/863/914
f 214/862/915 392/880/916 462/863/917
f 231/881/918 415/878/919 462/863/920
f 229/879/921 438/876/922 462/863/923
f 227/877/924 461/874/925 462/863/926
f 463/882/927 464/883/928 466/884/929 465/885/930
f 465/886/931 466/887/932 468/888/933 467/889/934
f 467/890/935 468/891/936 470/892/937 469/893/938
f 469/894/939 470/895/940 464/896/941 463/897/942
f 464/898/943 470/899/944 468/900/945 466/901/946
f 469/902/947 463/903/948 465/904/949 467/905/950
s 47
f 495/906/951 498/907/952 497/908/953 496/909/954
s 48
f 496/909/955 497/908/956 500/910/957 499/911/958
f 499/911/958 500/910/957 502/912/959 501/913/960
s 49
f 501/913/961 502/912/962 504/914/963 503/915/964
f 503/915/964 504/914/963 506/916/965 505/917/966
s 50
f 505/917/967 506/916/968 508/918/969 507/919/970
f 507/919/970 508/918/969 510/920/971 509/921/972
s off
f 509/921/973 510/920/974 512/922/975 511/923/976
f 511/924/977 512/925/978 514/926/979 513/927/980
s 51
f 513/927/981 514/926/982 516/928/983 515/929/984
f 515/929/984 516/928/983 518/930/985 517/931/986
s 47
f 517/931/987 518/930/988 498/907/952 495/906/951
s off
f 471/932/989 472/933/990 484/934/991 483/935/992
f 474/936/993 475/937/994 487/938/995 486/939/996
f 475/937/997 476/940/998 488/941/999 487/938/1000
f 476/940/1001 477/942/1002 489/943/1003 488/941/1004
f 477/942/1005 478/944/1006 490/945/1007 489/943/1008
f 478/944/1009 479/946/1010 491/947/1011 490/945/1012
f 479/946/1013 480/948/1014 492/949/1015 491/947/1016
f 480/948/1017 481/950/1018 493/951/1019 492/949/1020
f 481/950/1021 482/952/1022 494/953/1023 493/951/1024
f 482/952/1025 471/932/1026 483/935/1027 494/953/1028
s 52
f 471/954/1029 495/955/1030 496/956/1031 472/957/1032
s 53
f 484/958/1033 497/959/1034 498/960/1035 483/961/1036
s 52
f 472/957/1032 496/956/1031 499/962/1037 473/963/1038
s 53
f 497/959/1034 484/958/1033 485/964/1039 500/965/1040
s 52
f 473/963/1038 499/962/1037 501/966/1041 474/967/1042
s 53
f 500/965/1040 485/964/1039 486/968/1043 502/969/1044
s 52
f 474/967/1042 501/966/1041 503/970/1045 475/971/1046
s 53
f 487/972/1047 504/973/1048 502/969/1044 486/968/1043
s 52
f 475/971/1046 503/970/1045 505/974/1049 476/975/1050
s 53
f 488/976/1051 506/977/1052 504/973/1048 487/972/1047
s 52
f 476/975/1050 505/974/1049 507/978/1053 477/979/1054
s 53
f 489/980/1055 508/981/1056 506/977/1052 488/976/1051
s 52
f 477/979/1054 507/978/1053 509/982/1057 478/983/1058
s 53
f 490/984/1059 510/985/1060 508/981/1056 489/980/1055
s 52
f 478/983/1058 509/982/1057 511/986/1061 479/987/1062
s 53
f 491/988/1063 512/989/1064 510/985/1060 490/984/1059
s 52
f 479/987/1062 511/986/1061 513/990/1065 480/991/1066
s 53
f 492/992/1067 514/993/1068 512/989/1064 491/988/1063
s 52
f 480/991/1066 513/990/1065 515/994/1069 481/995/1070
s 53
f 493/996/1071 516/997/1072 514/993/1068 492/992/1067
s 52
f 481/995/1070 515/994/1069 517/998/1073 482/999/1074
s 53
f 494/1000/1075 518/1001/1076 516/997/1072 493/996/1071
s 52
f 482/999/1074 517/998/1073 495/955/1030 471/954/1029
s 53
f 483/961/1036 498/960/1035 518/1001/1076 494/1000/1075
s 52
f 472/1002/1032 473/1003/1038 520/1004/1077 519/1005/1078
s 53
f 485/1006/1039 484/1007/1033 522/1008/1079 521/1009/1080
s 54
f 522/1010/1081 484/934/1082 472/933/1083 519/1011/1084
s 52
f 473/1003/1038 474/1012/1042 523/1013/1085 520/1004/1077
s 55
f 474/936/1086 486/939/1087 524/1014/1088 523/1015/1089
s 53
f 486/1016/1043 485/1006/1039 521/1009/1080 524/1017/1090
s 56
f 614/1018/1091 542/1019/1092 559/1020/1093 613/1021/1094
f 542/1019/1092 543/1022/1095 558/1023/1096 559/1020/1093
f 543/1022/1095 519/1024/1097 520/1025/1098 558/1023/1096
s 57
f 545/1026/1099 621/1027/1100 622/1028/1101 557/1029/1102
s 58
f 572/1030/1103 548/1031/1104 585/1032/1105 586/1033/1106
s 59
f 601/1034/1107 602/1035/1108 541/1036/1109 560/1037/1110
s 60
f 526/1038/1111 609/1039/1112 610/1040/1113 564/1041/1114
f 527/1042/1115 526/1038/1111 564/1041/1114 565/1043/1116
f 556/1044/1117 527/1042/1115 565/1043/1116 566/1045/1118
f 626/1046/1119 528/1047/1120 568/1048/1121 625/1049/1122
s 62
f 589/1050/1123 590/1051/1124 529/1052/1125 569/1053/1126
s 63
f 563/1054/1127 525/1055/1128 597/1056/1129 598/1057/1130
s 55
f 531/1058/1131 611/1059/1132 612/1060/1133 540/1061/1134
s 54
f 614/1062/1135 609/1063/1136 526/1064/1137 542/1065/1138
f 526/1064/1137 527/1066/1139 543/1067/1140 542/1065/1138
s 55
f 532/1068/1141 531/1058/1131 540/1061/1134 544/1069/1142
s 54
f 527/1066/1139 556/1070/1143 519/1071/1084 543/1067/1140
s 55
f 555/1072/1144 532/1068/1141 544/1069/1142 523/1073/1089
f 624/1074/1145 533/1075/1146 546/1076/1147 623/1077/1148
s 54
f 528/1078/1149 626/1079/1150 621/1080/1151 545/1081/1152
f 529/1082/1153 590/1083/1154 585/1084/1155 548/1085/1156
s 69
f 571/1086/1157 549/1087/1158 535/1088/1159 570/1089/1160
s 55
f 588/1090/1161 534/1091/1162 547/1092/1163 587/1093/1164
f 530/1094/1165 599/1095/1166 600/1096/1167 539/1097/1168
s 71
f 537/1098/1169 552/1099/1170 561/1100/1171 562/1101/1172
s 54
f 602/1102/1173 597/1103/1174 525/1104/1175 541/1105/1176
s 57
f 522/1106/1177 545/1026/1099 557/1029/1102 521/1107/1178
s 55
f 533/1075/1146 553/1108/1179 524/1109/1088 546/1076/1147
s 60
f 528/1047/1120 554/1110/1180 567/1111/1181 568/1048/1121
s 54
f 522/1112/1081 554/1113/1182 528/1078/1149 545/1081/1152
s 55
f 553/1108/1179 555/1072/1144 523/1073/1089 524/1109/1088
s 60
f 554/1110/1180 556/1044/1117 566/1045/1118 567/1111/1181
s 54
f 519/1071/1084 556/1070/1143 554/1113/1182 522/1112/1081
s 57
f 521/1107/1178 557/1029/1102 546/1114/1183 524/1115/1184
s 56
f 558/1023/1096 520/1025/1098 523/1116/1185 544/1117/1186
f 559/1020/1093 558/1023/1096 544/1117/1186 540/1118/1187
f 613/1021/1094 559/1020/1093 540/1118/1187 612/1119/1188
s 59
f 600/1120/1189 601/1034/1107 560/1037/1110 539/1121/1190
s 71
f 562/1101/1172 561/1100/1171 551/1122/1191 538/1123/1192
s 63
f 530/1124/1193 563/1054/1127 598/1057/1130 599/1125/1194
s 60
f 564/1041/1114 610/1040/1113 611/1126/1195 531/1127/1196
f 565/1043/1116 564/1041/1114 531/1127/1196 532/1128/1197
f 566/1045/1118 565/1043/1116 532/1128/1197 555/1129/1198
f 567/1111/1181 566/1045/1118 555/1129/1198 553/1130/1199
f 568/1048/1121 567/1111/1181 553/1130/1199 533/1131/1200
f 625/1049/1122 568/1048/1121 533/1131/1200 624/1132/1201
s 62
f 588/1133/1202 589/1050/1123 569/1053/1126 534/1134/1203
s 69
f 550/1135/1204 571/1086/1157 570/1089/1160 536/1136/1205
s 58
f 547/1137/1206 572/1030/1103 586/1033/1106 587/1138/1207
s 57
f 557/1029/1102 622/1028/1101 623/1139/1208 546/1114/1183
s 58
f 573/1140/1209 549/1141/1210 571/1142/1211 574/1143/1212
f 574/1143/1212 571/1142/1211 550/1144/1213 575/1145/1214
s 55
f 536/1146/1215 576/1147/1216 575/1148/1217 550/1149/1218
s 62
f 536/1150/1219 570/1151/1220 577/1152/1221 576/1153/1222
f 570/1151/1220 535/1154/1223 578/1155/1224 577/1152/1221
s 54
f 573/1156/1225 578/1157/1226 535/1158/1227 549/1159/1228
f 537/1160/1229 580/1161/1230 579/1162/1231 552/1163/1232
s 63
f 580/1164/1233 537/1165/1234 562/1166/1235 581/1167/1236
f 581/1167/1236 562/1166/1235 538/1168/1237 582/1169/1238
s 55
f 583/1170/1239 582/1171/1240 538/1172/1241 551/1173/1242
s 59
f 551/1174/1243 561/1175/1244 584/1176/1245 583/1177/1246
f 561/1175/1244 552/1178/1247 579/1179/1248 584/1176/1245
s 58
f 586/1033/1106 585/1032/1105 591/1180/1249 592/1181/1250
f 587/1138/1207 586/1033/1106 592/1181/1250 593/1182/1251
s 55
f 594/1183/1252 588/1090/1161 587/1093/1164 593/1184/1253
s 62
f 594/1185/1254 595/1186/1255 589/1050/1123 588/1133/1202
f 595/1186/1255 596/1187/1256 590/1051/1124 589/1050/1123
s 54
f 585/1084/1155 590/1083/1154 596/1188/1257 591/1189/1258
s 58
f 591/1180/1249 573/1140/1209 574/1143/1212 592/1181/1250
f 592/1181/1250 574/1143/1212 575/1145/1214 593/1182/1251
s 55
f 576/1147/1216 594/1183/1252 593/1184/1253 575/1148/1217
s 62
f 576/1153/1222 577/1152/1221 595/1186/1255 594/1185/1254
f 577/1152/1221 578/1155/1224 596/1187/1256 595/1186/1255
s 54
f 591/1189/1258 596/1188/1257 578/1157/1226 573/1156/1225
s 63
f 598/1057/1130 597/1056/1129 603/1190/1259 604/1191/1260
f 599/1125/1194 598/1057/1130 604/1191/1260 605/1192/1261
s 55
f 600/1096/1167 599/1095/1166 605/1193/1262 606/1194/1263
s 59
f 606/1195/1264 607/1196/1265 601/1034/1107 600/1120/1189
f 607/1196/1265 608/1197/1266 602/1035/1108 601/1034/1107
s 54
f 608/1198/1267 603/1199/1268 597/1103/1174 602/1102/1173
s 63
f 603/1190/1259 580/1164/1233 581/1167/1236 604/1191/1260
f 604/1191/1260 581/1167/1236 582/1169/1238 605/1192/1261
s 55
f 606/1194/1263 605/1193/1262 582/1171/1240 583/1170/1239
s 59
f 583/1177/1246 584/1176/1245 607/1196/1265 606/1195/1264
f 584/1176/1245 579/1179/1248 608/1197/1266 607/1196/1265
s 54
f 580/1161/1230 603/1199/1268 608/1198/1267 579/1162/1231
s 60
f 609/1039/1112 615/1200/1269 616/1201/1270 610/1040/1113
f 611/1126/1195 610/1040/1113 616/1201/1270 617/1202/1271
s 55
f 612/1060/1133 611/1059/1132 617/1203/1272 618/1204/1273
s 56
f 619/1205/1274 613/1021/1094 612/1119/1188 618/1206/1275
f 620/1207/1276 614/1018/1091 613/1021/1094 619/1205/1274
s 54
f 620/1208/1277 615/1209/1278 609/1063/1136 614/1062/1135
s 60
f 615/1200/1269 525/1055/1279 563/1054/1280 616/1201/1270
f 617/1202/1271 616/1201/1270 563/1054/1280 530/1124/1281
s 55
f 618/1204/1273 617/1203/1272 530/1094/1165 539/1097/1168
s 56
f 560/1037/1282 619/1205/1274 618/1206/1275 539/1121/1283
f 541/1036/1284 620/1207/1276 619/1205/1274 560/1037/1282
s 54
f 525/1104/1175 615/1209/1278 620/1208/1277 541/1105/1176
s 57
f 621/1027/1100 548/1031/1285 572/1030/1286 622/1028/1101
f 623/1139/1208 622/1028/1101 572/1030/1286 547/1137/1287
s 55
f 534/1091/1162 624/1074/1145 623/1077/1148 547/1092/1163
s 60
f 569/1053/1288 625/1049/1122 624/1132/1201 534/1134/1289
f 529/1052/1290 626/1046/1119 625/1049/1122 569/1053/1288
s 54
f 621/1080/1151 626/1079/1150 529/1082/1153 548/1085/1156
s 81
f 649/1210/1291 652/1211/1292 651/1212/1293 650/1213/1294
f 650/1213/1294 651/1212/1293 682/1214/1295 679/1215/1296
s off
f 653/1216/1297 654/1217/1298 678/1218/1299 675/1219/1300
s 82
f 657/1220/1301 686/1221/1302 683/1222/1303 658/1223/1304
f 660/1224/1305 662/1225/1306 661/1226/1307 659/1227/1308
f 662/1225/1306 664/1228/1309 663/1229/1310 661/1226/1307
f 664/1228/1309 666/1230/1311 665/1231/1312 663/1229/1310
f 666/1230/1311 668/1232/1313 667/1233/1314 665/1231/1312
f 668/1232/1313 670/1234/1315 669/1235/1316 667/1233/1314
f 656/1236/1317 657/1220/1301 658/1223/1304 655/1237/1318
s 84
f 627/1238/1319 628/1239/1320 632/1240/1321 631/1241/1322
f 628/1239/1320 680/1242/1323 681/1243/1324 632/1240/1321
s 85
f 629/1244/1325 676/1245/1326 677/1246/1327 633/1247/1328
f 647/1248/1329 648/1249/1330 684/1250/1331 685/1251/1332
f 636/1252/1333 635/1253/1334 637/1254/1335 638/1255/1336
f 638/1255/1336 637/1254/1335 639/1256/1337 640/1257/1338
f 640/1257/1338 639/1256/1337 641/1258/1339 642/1259/1340
f 642/1259/1340 641/1258/1339 643/1260/1341 644/1261/1342
f 644/1261/1342 643/1260/1341 645/1262/1343 646/1263/1344
f 634/1264/1345 630/1265/1346 648/1249/1330 647/1248/1329
s 87
f 627/1266/1347 649/1267/1348 650/1268/1349 628/1269/1350
s 88
f 632/1270/1351 651/1271/1352 652/1272/1353 631/1273/1354
s off
f 631/1274/1355 652/1275/1356 649/1276/1357 627/1277/1358
s 87
f 628/1269/1350 650/1268/1349 679/1278/1359 680/1279/1360
s 88
f 681/1280/1361 682/1281/1362 651/1271/1352 632/1270/1351
s 87
f 629/1282/1363 653/1283/1364 675/1284/1365 676/1285/1366
s 88
f 677/1286/1367 678/1287/1368 654/1288/1369 633/1289/1370
s 87
f 648/1290/1371 658/1291/1372 683/1292/1373 684/1293/1374
s 88
f 685/1294/1375 686/1295/1376 657/1296/1377 647/1297/1378
s 87
f 635/1298/1379 659/1299/1380 661/1300/1381 637/1301/1382
s 88
f 638/1302/1383 662/1303/1384 660/1304/1385 636/1305/1386
s 87
f 637/1301/1382 661/1300/1381 663/1306/1387 639/1307/1388
s 88
f 640/1308/1389 664/1309/1390 662/1303/1384 638/1302/1383
s 87
f 639/1307/1388 663/1306/1387 665/1310/1391 641/1311/1392
s 88
f 642/1312/1393 666/1313/1394 664/1309/1390 640/1308/1389
s 87
f 641/1311/1392 665/1310/1391 667/1314/1395 643/1315/1396
s 88
f 644/1316/1397 668/1317/1398 666/1313/1394 642/1312/1393
s 87
f 643/1315/1396 667/1314/1395 669/1318/1399 645/1319/1400
s off
f 645/1320/1401 669/1321/1402 670/1322/1403 646/1323/1404
s 88
f 646/1324/1405 670/1325/1406 668/1317/1398 644/1316/1397
s 87
f 630/1326/1407 655/1327/1408 658/1291/1372 648/1290/1371
s 88
f 647/1297/1378 657/1296/1377 656/1328/1409 634/1329/1410
s 87
f 672/1330/1411 671/1331/1412 653/1283/1364 629/1282/1363
s 84
f 673/1332/1413 672/1333/1414 629/1244/1415 633/1247/1416
s 88
f 633/1289/1370 654/1288/1369 674/1334/1417 673/1335/1418
s off
f 671/1336/1419 674/1337/1420 654/1217/1421 653/1216/1422
s 87
f 676/1285/1366 675/1284/1365 655/1327/1408 630/1326/1407
s 85
f 677/1246/1327 676/1245/1326 630/1265/1346 634/1264/1345
s 88
f 634/1329/1410 656/1328/1409 678/1287/1368 677/1286/1367
s 82
f 675/1219/1423 678/1218/1424 656/1236/1317 655/1237/1318
s 87
f 680/1279/1360 679/1278/1359 671/1331/1412 672/1330/1411
s 84
f 681/1243/1324 680/1242/1323 672/1333/1414 673/1332/1413
s 88
f 673/1335/1418 674/1334/1417 682/1281/1362 681/1280/1361
s 81
f 679/1215/1296 682/1214/1295 674/1337/1425 671/1336/1426
s 87
f 684/1293/1374 683/1292/1373 659/1299/1380 635/1298/1379
s 85
f 685/1251/1332 684/1250/1331 635/1253/1334 636/1252/1333
s 88
f 636/1305/1386 660/1304/1385 686/1295/1376 685/1294/1375
s 82
f 683/1222/1303 686/1221/1302 660/1224/1305 659/1227/1308
s 94
f 709/1338/1427 712/1339/1428 711/1340/1429 710/1341/1430
f 710/1341/1430 711/1340/1429 742/1342/1431 739/1343/1432
s off
f 713/1344/1433 714/1345/1434 738/1346/1435 735/1347/1436
s 95
f 717/1348/1437 746/1349/1438 743/1350/1439 718/1351/1440
f 720/1352/1441 722/1353/1442 721/1354/1443 719/1355/1444
f 722/1353/1442 724/1356/1445 723/1357/1446 721/1354/1443
f 724/1356/1445 726/1358/1447 725/1359/1448 723/1357/1446
f 726/1358/1447 728/1360/1449 727/1361/1450 725/1359/1448
f 728/1360/1449 730/1362/1451 729/1363/1452 727/1361/1450
f 716/1364/1453 717/1348/1437 718/1351/1440 715/1365/1454
s 97
f 687/1366/1455 688/1367/1456 692/1368/1457 691/1369/1458
f 688/1367/1456 740/1370/1459 741/1371/1460 692/1368/1457
s 98
f 689/1372/1461 736/1373/1462 737/1374/1463 693/1375/1464
f 707/1376/1465 708/1377/1466 744/1378/1467 745/1379/1468
f 696/1380/1469 695/1381/1470 697/1382/1471 698/1383/1472
f 698/1383/1472 697/1382/1471 699/1384/1473 700/1385/1474
f 700/1385/1474 699/1384/1473 701/1386/1475 702/1387/1476
f 702/1387/1476 701/1386/1475 703/1388/1477 704/1389/1478
f 704/1389/1478 703/1388/1477 705/1390/1479 706/1391/1480
f 694/1392/1481 690/1393/1482 708/1377/1466 707/1376/1465
s 100
f 687/1394/1483 709/1395/1484 710/1396/1485 688/1397/1486
s 101
f 692/1398/1487 711/1399/1488 712/1400/1489 691/1401/1490
s off
f 691/1402/1491 712/1403/1492 709/1404/1493 687/1405/1494
s 100
f 688/1397/1486 710/1396/1485 739/1406/1495 740/1407/1496
s 101
f 741/1408/1497 742/1409/1498 711/1399/1488 692/1398/1487
s 100
f 689/1410/1499 713/1411/1500 735/1412/1501 736/1413/1502
s 101
f 737/1414/1503 738/1415/1504 714/1416/1505 693/1417/1506
s 100
f 708/1418/1507 718/1419/1508 743/1420/1509 744/1421/1510
s 101
f 745/1422/1511 746/1423/1512 717/1424/1513 707/1425/1514
s 100
f 695/1426/1515 719/1427/1516 721/1428/1517 697/1429/1518
s 101
f 698/1430/1519 722/1431/1520 720/1432/1521 696/1433/1522
s 100
f 697/1429/1518 721/1428/1517 723/1434/1523 699/1435/1524
s 101
f 700/1436/1525 724/1437/1526 722/1431/1520 698/1430/1519
s 100
f 699/1435/1524 723/1434/1523 725/1438/1527 701/1439/1528
s 101
f 702/1440/1529 726/1441/1530 724/1437/1526 700/1436/1525
s 100
f 701/1439/1528 725/1438/1527 727/1442/1531 703/1443/1532
s 101
f 704/1444/1533 728/1445/1534 726/1441/1530 702/1440/1529
s 100
f 703/1443/1532 727/1442/1531 729/1446/1535 705/1447/1536
s off
f 705/1448/1537 729/1449/1538 730/1450/1539 706/1451/1540
s 101
f 706/1452/1541 730/1453/1542 728/1445/1534 704/1444/1533
s 100
f 690/1454/1543 715/1455/1544 718/1419/1508 708/1418/1507
s 101
f 707/1425/1514 717/1424/1513 716/1456/1545 694/1457/1546
s 100
f 732/1458/1547 731/1459/1548 713/1411/1500 689/1410/1499
s 97
f 733/1460/1549 732/1461/1550 689/1372/1551 693/1375/1552
s 101
f 693/1417/1506 714/1416/1505 734/1462/1553 733/1463/1554
s off
f 731/1464/1555 734/1465/1556 714/1345/1557 713/1344/1558
s 100
f 736/1413/1502 735/1412/1501 715/1455/1544 690/1454/1543
s 98
f 737/1374/1463 736/1373/1462 690/1393/1482 694/1392/1481
s 101
f 694/1457/1546 716/1456/1545 738/1415/1504 737/1414/1503
s 95
f 735/1347/1559 738/1346/1560 716/1364/1453 715/1365/1454
s 100
f 740/1407/1496 739/1406/1495 731/1459/1548 732/1458/1547
s 97
f 741/1371/1460 740/1370/1459 732/1461/1550 733/1460/1549
s 101
f 733/1463/1554 734/1462/1553 742/1409/1498 741/1408/1497
s 94
f 739/1343/1432 742/1342/1431 734/1465/1561 731/1464/1562
s 100
f 744/1421/1510 743/1420/1509 719/1427/1516 695/1426/1515
s 98
f 745/1379/1468 744/1378/1467 695/1381/1470 696/1380/1469
s 101
f 696/1433/1522 720/1432/1521 746/1423/1512 745/1422/1511
s 95
f 743/1350/1439 746/1349/1438 720/1352/1441 719/1355/1444
s 107
f 769/1466/1563 772/1467/1564 771/1468/1565 770/1469/1566
f 770/1469/1566 771/1468/1565 802/1470/1567 799/1471/1568
s off
f 773/1472/1569 774/1473/1570 798/1474/1571 795/1475/1572
s 108
f 777/1476/1573 806/1477/1574 803/1478/1575 778/1479/1576
f 780/1480/1577 782/1481/1578 781/1482/1579 779/1483/1580
f 782/1481/1578 784/1484/1581 783/1485/1582 781/1482/1579
f 784/1484/1581 786/1486/1583 785/1487/1584 783/1485/1582
f 786/1486/1583 788/1488/1585 787/1489/1586 785/1487/1584
f 788/1488/1585 790/1490/1587 789/1491/1588 787/1489/1586
f 776/1492/1589 777/1476/1573 778/1479/1576 775/1493/1590
s 110
f 747/1494/1591 748/1495/1592 752/1496/1593 751/1497/1594
f 748/1495/1592 800/1498/1595 801/1499/1596 752/1496/1593
s 111
f 749/1500/1597 796/1501/1598 797/1502/1599 753/1503/1600
f 767/1504/1601 768/1505/1602 804/1506/1603 805/1507/1604
f 756/1508/1605 755/1509/1606 757/1510/1607 758/1511/1608
f 758/1511/1608 757/1510/1607 759/1512/1609 760/1513/1610
f 760/1513/1610 759/1512/1609 761/1514/1611 762/1515/1612
f 762/1515/1612 761/1514/1611 763/1516/1613 764/1517/1614
f 764/1517/1614 763/1516/1613 765/1518/1615 766/1519/1616
f 754/1520/1617 750/1521/1618 768/1505/1602 767/1504/1601
s 113
f 747/1522/1619 769/1523/1620 770/1524/1621 748/1525/1622
s 114
f 752/1526/1623 771/1527/1624 772/1528/1625 751/1529/1626
s off
f 751/1530/1627 772/1531/1628 769/1532/1629 747/1533/1630
s 113
f 748/1525/1622 770/1524/1621 799/1534/1631 800/1535/1632
s 114
f 801/1536/1633 802/1537/1634 771/1527/1624 752/1526/1623
s 113
f 749/1538/1635 773/1539/1636 795/1540/1637 796/1541/1638
s 114
f 797/1542/1639 798/1543/1640 774/1544/1641 753/1545/1642
s 113
f 768/1546/1643 778/1547/1644 803/1548/1645 804/1549/1646
s 114
f 805/1550/1647 806/1551/1648 777/1552/1649 767/1553/1650
s 113
f 755/1554/1651 779/1555/1652 781/1556/1653 757/1557/1654
s 114
f 758/1558/1655 782/1559/1656 780/1560/1657 756/1561/1658
s 113
f 757/1557/1654 781/1556/1653 783/1562/1659 759/1563/1660
s 114
f 760/1564/1661 784/1565/1662 782/1559/1656 758/1558/1655
s 113
f 759/1563/1660 783/1562/1659 785/1566/1663 761/1567/1664
s 114
f 762/1568/1665 786/1569/1666 784/1565/1662 760/1564/1661
s 113
f 761/1567/1664 785/1566/1663 787/1570/1667 763/1571/1668
s 114
f 764/1572/1669 788/1573/1670 786/1569/1666 762/1568/1665
s 113
f 763/1571/1668 787/1570/1667 789/1574/1671 765/1575/1672
s off
f 765/1576/1673 789/1577/1674 790/1578/1675 766/1579/1676
s 114
f 766/1580/1677 790/1581/1678 788/1573/1670 764/1572/1669
s 113
f 750/1582/1679 775/1583/1680 778/1547/1644 768/1546/1643
s 114
f 767/1553/1650 777/1552/1649 776/1584/1681 754/1585/1682
s 113
f 792/1586/1683 791/1587/1684 773/1539/1636 749/1538/1635
s 110
f 793/1588/1685 792/1589/1686 749/1500/1687 753/1503/1688
s 114
f 753/1545/1642 774/1544/1641 794/1590/1689 793/1591/1690
s off
f 791/1592/1691 794/1593/1692 774/1473/1693 773/1472/1694
s 113
f 796/1541/1638 795/1540/1637 775/1583/1680 750/1582/1679
s 111
f 797/1502/1599 796/1501/1598 750/1521/1618 754/1520/1617
s 114
f 754/1585/1682 776/1584/1681 798/1543/1640 797/1542/1639
s 108
f 795/1475/1695 798/1474/1696 776/1492/1589 775/1493/1590
s 113
f 800/1535/1632 799/1534/1631 791/1587/1684 792/1586/1683
s 110
f 801/1499/1596 800/1498/1595 792/1589/1686 793/1588/1685
s 114
f 793/1591/1690 794/1590/1689 802/1537/1634 801/1536/1633
s 107
f 799/1471/1568 802/1470/1567 794/1593/1697 791/1592/1698
s 113
f 804/1549/1646 803/1548/1645 779/1555/1652 755/1554/1651
s 111
f 805/1507/1604 804/1506/1603 755/1509/1606 756/1508/1605
s 114
f 756/1561/1658 780/1560/1657 806/1551/1648 805/1550/1647
s 108
f 803/1478/1575 806/1477/1574 780/1480/1577 779/1483/1580
s 120
f 829/1594/1699 832/1595/1700 831/1596/1701 830/1597/1702
f 830/1597/1702 831/1596/1701 862/1598/1703 859/1599/1704
s off
f 833/1600/1705 834/1601/1706 858/1602/1707 855/1603/1708
s 121
f 837/1604/1709 866/1605/1710 863/1606/1711 838/1607/1712
f 840/1608/1713 842/1609/1714 841/1610/1715 839/1611/1716
f 842/1609/1714 844/1612/1717 843/1613/1718 841/1610/1715
f 844/1612/1717 846/1614/1719 845/1615/1720 843/1613/1718
f 846/1614/1719 848/1616/1721 847/1617/1722 845/1615/1720
f 848/1616/1721 850/1618/1723 849/1619/1724 847/1617/1722
f 836/1620/1725 837/1604/1709 838/1607/1712 835/1621/1726
s 123
f 807/1622/1727 808/1623/1728 812/1624/1729 811/1625/1730
f 808/1623/1728 860/1626/1731 861/1627/1732 812/1624/1729
s 124
f 809/1628/1733 856/1629/1734 857/1630/1735 813/1631/1736
f 827/1632/1737 828/1633/1738 864/1634/1739 865/1635/1740
f 816/1636/1741 815/1637/1742 817/1638/1743 818/1639/1744
f 818/1639/1744 817/1638/1743 819/1640/1745 820/1641/1746
f 820/1641/1746 819/1640/1745 821/1642/1747 822/1643/1748
f 822/1643/1748 821/1642/1747 823/1644/1749 824/1645/1750
f 824/1645/1750 823/1644/1749 825/1646/1751 826/1647/1752
f 814/1648/1753 810/1649/1754 828/1633/1738 827/1632/1737
s 126
f 807/1650/1755 829/1651/1756 830/1652/1757 808/1653/1758
s 127
f 812/1654/1759 831/1655/1760 832/1656/1761 811/1657/1762
s off
f 811/1658/1763 832/1659/1764 829/1660/1765 807/1661/1766
s 126
f 808/1653/1758 830/1652/1757 859/1662/1767 860/1663/1768
s 127
f 861/1664/1769 862/1665/1770 831/1655/1760 812/1654/1759
s 126
f 809/1666/1771 833/1667/1772 855/1668/1773 856/1669/1774
s 127
f 857/1670/1775 858/1671/1776 834/1672/1777 813/1673/1778
s 126
f 828/1674/1779 838/1675/1780 863/1676/1781 864/1677/1782
s 127
f 865/1678/1783 866/1679/1784 837/1680/1785 827/1681/1786
s 126
f 815/1682/1787 839/1683/1788 841/1684/1789 817/1685/1790
s 127
f 818/1686/1791 842/1687/1792 840/1688/1793 816/1689/1794
s 126
f 817/1685/1790 841/1684/1789 843/1690/1795 819/1691/1796
s 127
f 820/1692/1797 844/1693/1798 842/1687/1792 818/1686/1791
s 126
f 819/1691/1796 843/1690/1795 845/1694/1799 821/1695/1800
s 127
f 822/1696/1801 846/1697/1802 844/1693/1798 820/1692/1797
s 126
f 821/1695/1800 845/1694/1799 847/1698/1803 823/1699/1804
s 127
f 824/1700/1805 848/1701/1806 846/1697/1802 822/1696/1801
s 126
f 823/1699/1804 847/1698/1803 849/1702/1807 825/1703/1808
s off
f 825/1704/1809 849/1705/1810 850/1706/1811 826/1707/1812
s 127
f 826/1708/1813 850/1709/1814 848/1701/1806 824/1700/1805
s 126
f 810/1710/1815 835/1711/1816 838/1675/1780 828/1674/1779
s 127
f 827/1681/1786 837/1680/1785 836/1712/1817 814/1713/1818
s 126
f 852/1714/1819 851/1715/1820 833/1667/1772 809/1666/1771
s 123
f 853/1716/1821 852/1717/1822 809/1628/1823 813/1631/1824
s 127
f 813/1673/1778 834/1672/1777 854/1718/1825 853/1719/1826
s off
f 851/1720/1827 854/1721/1828 834/1601/1829 833/1600/1830
s 126
f 856/1669/1774 855/1668/1773 835/1711/1816 810/1710/1815
s 124
f 857/1630/1735 856/1629/1734 810/1649/1754 814/1648/1753
s 127
f 814/1713/1818 836/1712/1817 858/1671/1776 857/1670/1775
s 121
f 855/1603/1831 858/1602/1832 836/1620/1725 835/1621/1726
s 126
f 860/1663/1768 859/1662/1767 851/1715/1820 852/1714/1819
s 123
f 861/1627/1732 860/1626/1731 852/1717/1822 853/1716/1821
s 127
f 853/1719/1826 854/1718/1825 862/1665/1770 861/1664/1769
s 120
f 859/1599/1704 862/1598/1703 854/1721/1833 851/1720/1834
s 126
f 864/1677/1782 863/1676/1781 839/1683/1788 815/1682/1787
s 124
f 865/1635/1740 864/1634/1739 815/1637/1742 816/1636/1741
s 127
f 816/1689/1794 840/1688/1793 866/1679/1784 865/1678/1783
s 121
f 863/1606/1711 866/1605/1710 840/1608/1713 839/1611/1716
s 133
f 889/1722/1835 892/1723/1836 891/1724/1837 890/1725/1838
f 890/1725/1838 891/1724/1837 922/1726/1839 919/1727/1840
s off
f 893/1728/1841 894/1729/1842 918/1730/1843 915/1731/1844
s 134
f 897/1732/1845 926/1733/1846 923/1734/1847 898/1735/1848
f 900/1736/1849 902/1737/1850 901/1738/1851 899/1739/1852
f 902/1737/1850 904/1740/1853 903/1741/1854 901/1738/1851
f 904/1740/1853 906/1742/1855 905/1743/1856 903/1741/1854
f 906/1742/1855 908/1744/1857 907/1745/1858 905/1743/1856
f 908/1744/1857 910/1746/1859 909/1747/1860 907/1745/1858
f 896/1748/1861 897/1732/1845 898/1735/1848 895/1749/1862
s 136
f 867/1750/1863 868/1751/1864 872/1752/1865 871/1753/1866
f 868/1751/1864 920/1754/1867 921/1755/1868 872/1752/1865
s 137
f 869/1756/1869 916/1757/1870 917/1758/1871 873/1759/1872
f 887/1760/1873 888/1761/1874 924/1762/1875 925/1763/1876
f 876/1764/1877 875/1765/1878 877/1766/1879 878/1767/1880
f 878/1767/1880 877/1766/1879 879/1768/1881 880/1769/1882
f 880/1769/1882 879/1768/1881 881/1770/1883 882/1771/1884
f 882/1771/1884 881/1770/1883 883/1772/1885 884/1773/1886
f 884/1773/1886 883/1772/1885 885/1774/1887 886/1775/1888
f 874/1776/1889 870/1777/1890 888/1761/1874 887/1760/1873
s 139
f 867/1778/1891 889/1779/1892 890/1780/1893 868/1781/1894
s 140
f 872/1782/1895 891/1783/1896 892/1784/1897 871/1785/1898
s off
f 871/1786/1899 892/1787/1900 889/1788/1901 867/1789/1902
s 139
f 868/1781/1894 890/1780/1893 919/1790/1903 920/1791/1904
s 140
f 921/1792/1905 922/1793/1906 891/1783/1896 872/1782/1895
s 139
f 869/1794/1907 893/1795/1908 915/1796/1909 916/1797/1910
s 140
f 917/1798/1911 918/1799/1912 894/1800/1913 873/1801/1914
s 139
f 888/1802/1915 898/1803/1916 923/1804/1917 924/1805/1918
s 140
f 925/1806/1919 926/1807/1920 897/1808/1921 887/1809/1922
s 139
f 875/1810/1923 899/1811/1924 901/1812/1925 877/1813/1926
s 140
f 878/1814/1927 902/1815/1928 900/1816/1929 876/1817/1930
s 139
f 877/1813/1926 901/1812/1925 903/1818/1931 879/1819/1932
s 140
f 880/1820/1933 904/1821/1934 902/1815/1928 878/1814/1927
s 139
f 879/1819/1932 903/1818/1931 905/1822/1935 881/1823/1936
s 140
f 882/1824/1937 906/1825/1938 904/1821/1934 880/1820/1933
s 139
f 881/1823/1936 905/1822/1935 907/1826/1939 883/1827/1940
s 140
f 884/1828/1941 908/1829/1942 906/1825/1938 882/1824/1937
s 139
f 883/1827/1940 907/1826/1939 909/1830/1943 885/1831/1944
s off
f 885/1832/1945 909/1833/1946 910/1834/1947 886/1835/1948
s 140
f 886/1836/1949 910/1837/1950 908/1829/1942 884/1828/1941
s 139
f 870/1838/1951 895/1839/1952 898/1803/1916 888/1802/1915
s 140
f 887/1809/1922 897/1808/1921 896/1840/1953 874/1841/1954
s 139
f 912/1842/1955 911/1843/1956 893/1795/1908 869/1794/1907
s 136
f 913/1844/1957 912/1845/1958 869/1756/1959 873/1759/1960
s 140
f 873/1801/1914 894/1800/1913 914/1846/1961 913/1847/1962
s off
f 911/1848/1963 914/1849/1964 894/1729/1965 893/1728/1966
s 139
f 916/1797/1910 915/1796/1909 895/1839/1952 870/1838/1951
s 137
f 917/1758/1871 916/1757/1870 870/1777/1890 874/1776/1889
s 140
f 874/1841/1954 896/1840/1953 918/1799/1912 917/1798/1911
s 134
f 915/1731/1967 918/1730/1968 896/1748/1861 895/1749/1862
s 139
f 920/1791/1904 919/1790/1903 911/1843/1956 912/1842/1955
s 136
f 921/1755/1868 920/1754/1867 912/1845/1958 913/1844/1957
s 140
f 913/1847/1962 914/1846/1961 922/1793/1906 921/1792/1905
s 133
f 919/1727/1840 922/1726/1839 914/1849/1969 911/1848/1970
s 139
f 924/1805/1918 923/1804/1917 899/1811/1924 875/1810/1923
s 137
f 925/1763/1876 924/1762/1875 875/1765/1878 876/1764/1877
s 140
f 876/1817/1930 900/1816/1929 926/1807/1920 925/1806/1919
s 134
f 923/1734/1847 926/1733/1846 900/1736/1849 899/1739/1852
s 146
f 949/1850/1971 952/1851/1972 951/1852/1973 950/1853/1974
f 950/1853/1974 951/1852/1973 982/1854/1975 979/1855/1976
s off
f 953/1856/1977 954/1857/1978 978/1858/1979 975/1859/1980
s 147
f 957/1860/1981 986/1861/1982 983/1862/1983 958/1863/1984
f 960/1864/1985 962/1865/1986 961/1866/1987 959/1867/1988
f 962/1865/1986 964/1868/1989 963/1869/1990 961/1866/1987
f 964/1868/1989 966/1870/1991 965/1871/1992 963/1869/1990
f 966/1870/1991 968/1872/1993 967/1873/1994 965/1871/1992
f 968/1872/1993 970/1874/1995 969/1875/1996 967/1873/1994
f 956/1876/1997 957/1860/1981 958/1863/1984 955/1877/1998
s 149
f 927/1878/1999 928/1879/2000 932/1880/2001 931/1881/2002
f 928/1879/2000 980/1882/2003 981/1883/2004 932/1880/2001
s 150
f 929/1884/2005 976/1885/2006 977/1886/2007 933/1887/2008
f 947/1888/2009 948/1889/2010 984/1890/2011 985/1891/2012
f 936/1892/2013 935/1893/2014 937/1894/2015 938/1895/2016
f 938/1895/2016 937/1894/2015 939/1896/2017 940/1897/2018
f 940/1897/2018 939/1896/2017 941/1898/2019 942/1899/2020
f 942/1899/2020 941/1898/2019 943/1900/2021 944/1901/2022
f 944/1901/2022 943/1900/2021 945/1902/2023 946/1903/2024
f 934/1904/2025 930/1905/2026 948/1889/2010 947/1888/2009
s 152
f 927/1906/2027 949/1907/2028 950/1908/2029 928/1909/2030
s 153
f 932/1910/2031 951/1911/2032 952/1912/2033 931/1913/2034
s off
f 931/1914/2035 952/1915/2036 949/1916/2037 927/1917/2038
s 152
f 928/1909/2030 950/1908/2029 979/1918/2039 980/1919/2040
s 153
f 981/1920/2041 982/1921/2042 951/1911/2032 932/1910/2031
s 152
f 929/1922/2043 953/1923/2044 975/1924/2045 976/1925/2046
s 153
f 977/1926/2047 978/1927/2048 954/1928/2049 933/1929/2050
s 152
f 948/1930/2051 958/1931/2052 983/1932/2053 984/1933/2054
s 153
f 985/1934/2055 986/1935/2056 957/1936/2057 947/1937/2058
s 152
f 935/1938/2059 959/1939/2060 961/1940/2061 937/1941/2062
s 153
f 938/1942/2063 962/1943/2064 960/1944/2065 936/1945/2066
s 152
f 937/1941/2062 961/1940/2061 963/1946/2067 939/1947/2068
s 153
f 940/1948/2069 964/1949/2070 962/1943/2064 938/1942/2063
s 152
f 939/1947/2068 963/1946/2067 965/1950/2071 941/1951/2072
s 153
f 942/1952/2073 966/1953/2074 964/1949/2070 940/1948/2069
s 152
f 941/1951/2072 965/1950/2071 967/1954/2075 943/1955/2076
s 153
f 944/1956/2077 968/1957/2078 966/1953/2074 942/1952/2073
s 152
f 943/1955/2076 967/1954/2075 969/1958/2079 945/1959/2080
s off
f 945/1960/2081 969/1961/2082 970/1962/2083 946/1963/2084
s 153
f 946/1964/2085 970/1965/2086 968/1957/2078 944/1956/2077
s 152
f 930/1966/2087 955/1967/2088 958/1931/2052 948/1930/2051
s 153
f 947/1937/2058 957/1936/2057 956/1968/2089 934/1969/2090
s 152
f 972/1970/2091 971/1971/2092 953/1923/2044 929/1922/2043
s 149
f 973/1972/2093 972/1973/2094 929/1884/2095 933/1887/2096
s 153
f 933/1929/2050 954/1928/2049 974/1974/2097 973/1975/2098
s off
f 971/1976/2099 974/1977/2100 954/1857/2101 953/1856/2102
s 152
f 976/1925/2046 975/1924/2045 955/1967/2088 930/1966/2087
s 150
f 977/1886/2007 976/1885/2006 930/1905/2026 934/1904/2025
s 153
f 934/1969/2090 956/1968/2089 978/1927/2048 977/1926/2047
s 147
f 975/1859/2103 978/1858/2104 956/1876/1997 955/1877/1998
s 152
f 980/1919/2040 979/1918/2039 971/1971/2092 972/1970/2091
s 149
f 981/1883/2004 980/1882/2003 972/1973/2094 973/1972/2093
s 153
f 973/1975/2098 974/1974/2097 982/1921/2042 981/1920/2041
s 146
f 979/1855/1976 982/1854/1975 974/1977/2105 971/1976/2106
s 152
f 984/1933/2054 983/1932/2053 959/1939/2060 935/1938/2059
s 150
f 985/1891/2012 984/1890/2011 935/1893/2014 936/1892/2013
s 153
f 936/1945/2066 960/1944/2065 986/1935/2056 985/1934/2055
s 147
f 983/1862/1983 986/1861/1982 960/1864/1985 959/1867/1988
s 159
f 1009/1978/2107 1012/1979/2108 1011/1980/2109 1010/1981/2110
f 1010/1981/2110 1011/1980/2109 1042/1982/2111 1039/1983/2112
s off
f 1013/1984/2113 1014/1985/2114 1038/1986/2115 1035/1987/2116
s 160
f 1017/1988/2117 1046/1989/2118 1043/1990/2119 1018/1991/2120
f 1020/1992/2121 1022/1993/2122 1021/1994/2123 1019/1995/2124
f 1022/1993/2122 1024/1996/2125 1023/1997/2126 1021/1994/2123
f 1024/1996/2125 1026/1998/2127 1025/1999/2128 1023/1997/2126
f 1026/1998/2127 1028/2000/2129 1027/2001/2130 1025/1999/2128
f 1028/2000/2129 1030/2002/2131 1029/2003/2132 1027/2001/2130
f 1016/2004/2133 1017/1988/2117 1018/1991/2120 1015/2005/2134
s 162
f 987/2006/2135 988/2007/2136 992/2008/2137 991/2009/2138
f 988/2007/2136 1040/2010/2139 1041/2011/2140 992/2008/2137
s 163
f 989/2012/2141 1036/2013/2142 1037/2014/2143 993/2015/2144
f 1007/2016/2145 1008/2017/2146 1044/2018/2147 1045/2019/2148
f 996/2020/2149 995/2021/2150 997/2022/2151 998/2023/2152
f 998/2023/2152 997/2022/2151 999/2024/2153 1000/2025/2154
f 1000/2025/2154 999/2024/2153 1001/2026/2155 1002/2027/2156
f 1002/2027/2156 1001/2026/2155 1003/2028/2157 1004/2029/2158
f 1004/2029/2158 1003/2028/2157 1005/2030/2159 1006/2031/2160
f 994/2032/2161 990/2033/2162 1008/2017/2146 1007/2016/2145
s 165
f 987/2034/2163 1009/2035/2164 1010/2036/2165 988/2037/2166
s 166
f 992/2038/2167 1011/2039/2168 1012/2040/2169 991/2041/2170
s off
f 991/2042/2171 1012/2043/2172 1009/2044/2173 987/2045/2174
s 165
f 988/2037/2166 1010/2036/2165 1039/2046/2175 1040/2047/2176
s 166
f 1041/2048/2177 1042/2049/2178 1011/2039/2168 992/2038/2167
s 165
f 989/2050/2179 1013/2051/2180 1035/2052/2181 1036/2053/2182
s 166
f 1037/2054/2183 1038/2055/2184 1014/2056/2185 993/2057/2186
s 165
f 1008/2058/2187 1018/2059/2188 1043/2060/2189 1044/2061/2190
s 166
f 1045/2062/2191 1046/2063/2192 1017/2064/2193 1007/2065/2194
s 165
f 995/2066/2195 1019/2067/2196 1021/2068/2197 997/2069/2198
s 166
f 998/2070/2199 1022/2071/2200 1020/2072/2201 996/2073/2202
s 165
f 997/2069/2198 1021/2068/2197 1023/2074/2203 999/2075/2204
s 166
f 1000/2076/2205 1024/2077/2206 1022/2071/2200 998/2070/2199
s 165
f 999/2075/2204 1023/2074/2203 1025/2078/2207 1001/2079/2208
s 166
f 1002/2080/2209 1026/2081/2210 1024/2077/2206 1000/2076/2205
s 165
f 1001/2079/2208 1025/2078/2207 1027/2082/2211 1003/2083/2212
s 166
f 1004/2084/2213 1028/2085/2214 1026/2081/2210 1002/2080/2209
s 165
f 1003/2083/2212 1027/2082/2211 1029/2086/2215 1005/2087/2216
s off
f 1005/2088/2217 1029/2089/2218 1030/2090/2219 1006/2091/2220
s 166
f 1006/2092/2221 1030/2093/2222 1028/2085/2214 1004/2084/2213
s 165
f 990/2094/2223 1015/2095/2224 1018/2059/2188 1008/2058/2187
s 166
f 1007/2065/2194 1017/2064/2193 1016/2096/2225 994/2097/2226
s 165
f 1032/2098/2227 1031/2099/2228 1013/2051/2180 989/2050/2179
s 162
f 1033/2100/2229 1032/2101/2230 989/2012/2231 993/2015/2232
s 166
f 993/2057/2186 1014/2056/2185 1034/2102/2233 1033/2103/2234
s off
f 1031/2104/2235 1034/2105/2236 1014/1985/2237 1013/1984/2238
s 165
f 1036/2053/2182 1035/2052/2181 1015/2095/2224 990/2094/2223
s 163
f 1037/2014/2143 1036/2013/2142 990/2033/2162 994/2032/2161
s 166
f 994/2097/2226 1016/2096/2225 1038/2055/2184 1037/2054/2183
s 160
f 1035/1987/2239 1038/1986/2240 1016/2004/2133 1015/2005/2134
s 165
f 1040/2047/2176 1039/2046/2175 1031/2099/2228 1032/2098/2227
s 162
f 1041/2011/2140 1040/2010/2139 1032/2101/2230 1033/2100/2229
s 166
f 1033/2103/2234 1034/2102/2233 1042/2049/2178 1041/2048/2177
s 159
f 1039/1983/2112 1042/1982/2111 1034/2105/2241 1031/2104/2242
s 165
f 1044/2061/2190 1043/2060/2189 1019/2067/2196 995/2066/2195
s 163
f 1045/2019/2148 1044/2018/2147 995/2021/2150 996/2020/2149
s 166
f 996/2073/2202 1020/2072/2201 1046/2063/2192 1045/2062/2191
s 160
f 1043/1990/2119 1046/1989/2118 1020/1992/2121 1019/1995/2124
s 172
f 1069/2106/2243 1072/2107/2244 1071/2108/2245 1070/2109/2246
f 1070/2109/2246 1071/2108/2245 1102/2110/2247 1099/2111/2248
s off
f 1073/2112/2249 1074/2113/2250 1098/2114/2251 1095/2115/2252
s 173
f 1077/2116/2253 1106/2117/2254 1103/2118/2255 1078/2119/2256
f 1080/2120/2257 1082/2121/2258 1081/2122/2259 1079/2123/2260
f 1082/2121/2258 1084/2124/2261 1083/2125/2262 1081/2122/2259
f 1084/2124/2261 1086/2126/2263 1085/2127/2264 1083/2125/2262
f 1086/2126/2263 1088/2128/2265 1087/2129/2266 1085/2127/2264
f 1088/2128/2265 1090/2130/2267 1089/2131/2268 1087/2129/2266
f 1076/2132/2269 1077/2116/2253 1078/2119/2256 1075/2133/2270
s 175
f 1047/2134/2271 1048/2135/2272 1052/2136/2273 1051/2137/2274
f 1048/2135/2272 1100/2138/2275 1101/2139/2276 1052/2136/2273
s 176
f 1049/2140/2277 1096/2141/2278 1097/2142/2279 1053/2143/2280
f 1067/2144/2281 1068/2145/2282 1104/2146/2283 1105/2147/2284
f 1056/2148/2285 1055/2149/2286 1057/2150/2287 1058/2151/2288
f 1058/2151/2288 1057/2150/2287 1059/2152/2289 1060/2153/2290
f 1060/2153/2290 1059/2152/2289 1061/2154/2291 1062/2155/2292
f 1062/2155/2292 1061/2154/2291 1063/2156/2293 1064/2157/2294
f 1064/2157/2294 1063/2156/2293 1065/2158/2295 1066/2159/2296
f 1054/2160/2297 1050/2161/2298 1068/2145/2282 1067/2144/2281
s 178
f 1047/2162/2299 1069/2163/2300 1070/2164/2301 1048/2165/2302
s 179
f 1052/2166/2303 1071/2167/2304 1072/2168/2305 1051/2169/2306
s off
f 1051/2170/2307 1072/2171/2308 1069/2172/2309 1047/2173/2310
s 178
f 1048/2165/2302 1070/2164/2301 1099/2174/2311 1100/2175/2312
s 179
f 1101/2176/2313 1102/2177/2314 1071/2167/2304 1052/2166/2303
s 178
f 1049/2178/2315 1073/2179/2316 1095/2180/2317 1096/2181/2318
s 179
f 1097/2182/2319 1098/2183/2320 1074/2184/2321 1053/2185/2322
s 178
f 1068/2186/2323 1078/2187/2324 1103/2188/2325 1104/2189/2326
s 179
f 1105/2190/2327 1106/2191/2328 1077/2192/2329 1067/2193/2330
s 178
f 1055/2194/2331 1079/2195/2332 1081/2196/2333 1057/2197/2334
s 179
f 1058/2198/2335 1082/2199/2336 1080/2200/2337 1056/2201/2338
s 178
f 1057/2197/2334 1081/2196/2333 1083/2202/2339 1059/2203/2340
s 179
f 1060/2204/2341 1084/2205/2342 1082/2199/2336 1058/2198/2335
s 178
f 1059/2203/2340 1083/2202/2339 1085/2206/2343 1061/2207/2344
s 179
f 1062/2208/2345 1086/2209/2346 1084/2205/2342 1060/2204/2341
s 178
f 1061/2207/2344 1085/2206/2343 1087/2210/2347 1063/2211/2348
s 179
f 1064/2212/2349 1088/2213/2350 1086/2209/2346 1062/2208/2345
s 178
f 1063/2211/2348 1087/2210/2347 1089/2214/2351 1065/2215/2352
s off
f 1065/2216/2353 1089/2217/2354 1090/2218/2355 1066/2219/2356
s 179
f 1066/2220/2357 1090/2221/2358 1088/2213/2350 1064/2212/2349
s 178
f 1050/2222/2359 1075/2223/2360 1078/2187/2324 1068/2186/2323
s 179
f 1067/2193/2330 1077/2192/2329 1076/2224/2361 1054/2225/2362
s 178
f 1092/2226/2363 1091/2227/2364 1073/2179/2316 1049/2178/2315
s 175
f 1093/2228/2365 1092/2229/2366 1049/2140/2367 1053/2143/2368
s 179
f 1053/2185/2322 1074/2184/2321 1094/2230/2369 1093/2231/2370
s off
f 1091/2232/2371 1094/2233/2372 1074/2113/2373 1073/2112/2374
s 178
f 1096/2181/2318 1095/2180/2317 1075/2223/2360 1050/2222/2359
s 176
f 1097/2142/2279 1096/2141/2278 1050/2161/2298 1054/2160/2297
s 179
f 1054/2225/2362 1076/2224/2361 1098/2183/2320 1097/2182/2319
s 173
f 1095/2115/2375 1098/2114/2376 1076/2132/2269 1075/2133/2270
s 178
f 1100/2175/2312 1099/2174/2311 1091/2227/2364 1092/2226/2363
s 175
f 1101/2139/2276 1100/2138/2275 1092/2229/2366 1093/2228/2365
s 179
f 1093/2231/2370 1094/2230/2369 1102/2177/2314 1101/2176/2313
s 172
f 1099/2111/2248 1102/2110/2247 1094/2233/2377 1091/2232/2378
s 178
f 1104/2189/2326 1103/2188/2325 1079/2195/2332 1055/2194/2331
s 176
f 1105/2147/2284 1104/2146/2283 1055/2149/2286 1056/2148/2285
s 179
f 1056/2201/2338 1080/2200/2337 1106/2191/2328 1105/2190/2327
s 173
f 1103/2118/2255 1106/2117/2254 1080/2120/2257 1079/2123/2260
s 185
f 1129/2234/2379 1132/2235/2380 1131/2236/2381 1130/2237/2382
f 1130/2237/2382 1131/2236/2381 1162/2238/2383 1159/2239/2384
s off
f 1133/2240/2385 1134/2241/2386 1158/2242/2387 1155/2243/2388
s 186
f 1137/2244/2389 1166/2245/2390 1163/2246/2391 1138/2247/2392
f 1140/2248/2393 1142/2249/2394 1141/2250/2395 1139/2251/2396
f 1142/2249/2394 1144/2252/2397 1143/2253/2398 1141/2250/2395
f 1144/2252/2397 1146/2254/2399 1145/2255/2400 1143/2253/2398
f 1146/2254/2399 1148/2256/2401 1147/2257/2402 1145/2255/2400
f 1148/2256/2401 1150/2258/2403 1149/2259/2404 1147/2257/2402
f 1136/2260/2405 1137/2244/2389 1138/2247/2392 1135/2261/2406
s 188
f 1107/2262/2407 1108/2263/2408 1112/2264/2409 1111/2265/2410
f 1108/2263/2408 1160/2266/2411 1161/2267/2412 1112/2264/2409
s 189
f 1109/2268/2413 1156/2269/2414 1157/2270/2415 1113/2271/2416
f 1127/2272/2417 1128/2273/2418 1164/2274/2419 1165/2275/2420
f 1116/2276/2421 1115/2277/2422 1117/2278/2423 1118/2279/2424
f 1118/2279/2424 1117/2278/2423 1119/2280/2425 1120/2281/2426
f 1120/2281/2426 1119/2280/2425 1121/2282/2427 1122/2283/2428
f 1122/2283/2428 1121/2282/2427 1123/2284/2429 1124/2285/2430
f 1124/2285/2430 1123/2284/2429 1125/2286/2431 1126/2287/2432
f 1114/2288/2433 1110/2289/2434 1128/2273/2418 1127/2272/2417
s 191
f 1107/2290/2435 1129/2291/2436 1130/2292/2437 1108/2293/2438
s 192
f 1112/2294/2439 1131/2295/2440 1132/2296/2441 1111/2297/2442
s off
f 1111/2298/2443 1132/2299/2444 1129/2300/2445 1107/2301/2446
s 191
f 1108/2293/2438 1130/2292/2437 1159/2302/2447 1160/2303/2448
s 192
f 1161/2304/2449 1162/2305/2450 1131/2295/2440 1112/2294/2439
s 191
f 1109/2306/2451 1133/2307/2452 1155/2308/2453 1156/2309/2454
s 192
f 1157/2310/2455 1158/2311/2456 1134/2312/2457 1113/2313/2458
s 191
f 1128/2314/2459 1138/2315/2460 1163/2316/2461 1164/2317/2462
s 192
f 1165/2318/2463 1166/2319/2464 1137/2320/2465 1127/2321/2466
s 191
f 1115/2322/2467 1139/2323/2468 1141/2324/2469 1117/2325/2470
s 192
f 1118/2326/2471 1142/2327/2472 1140/2328/2473 1116/2329/2474
s 191
f 1117/2325/2470 1141/2324/2469 1143/2330/2475 1119/2331/2476
s 192
f 1120/2332/2477 1144/2333/2478 1142/2327/2472 1118/2326/2471
s 191
f 1119/2331/2476 1143/2330/2475 1145/2334/2479 1121/2335/2480
s 192
f 1122/2336/2481 1146/2337/2482 1144/2333/2478 1120/2332/2477
s 191
f 1121/2335/2480 1145/2334/2479 1147/2338/2483 1123/2339/2484
s 192
f 1124/2340/2485 1148/2341/2486 1146/2337/2482 1122/2336/2481
s 191
f 1123/2339/2484 1147/2338/2483 1149/2342/2487 1125/2343/2488
s off
f 1125/2344/2489 1149/2345/2490 1150/2346/2491 1126/2347/2492
s 192
f 1126/2348/2493 1150/2349/2494 1148/2341/2486 1124/2340/2485
s 191
f 1110/2350/2495 1135/2351/2496 1138/2315/2460 1128/2314/2459
s 192
f 1127/2321/2466 1137/2320/2465 1136/2352/2497 1114/2353/2498
s 191
f 1152/2354/2499 1151/2355/2500 1133/2307/2452 1109/2306/2451
s 188
f 1153/2356/2501 1152/2357/2502 1109/2268/2503 1113/2271/2504
s 192
f 1113/2313/2458 1134/2312/2457 1154/2358/2505 1153/2359/2506
s off
f 1151/2360/2507 1154/2361/2508 1134/2241/2509 1133/2240/2510
s 191
f 1156/2309/2454 1155/2308/2453 1135/2351/2496 1110/2350/2495
s 189
f 1157/2270/2415 1156/2269/2414 1110/2289/2434 1114/2288/2433
s 192
f 1114/2353/2498 1136/2352/2497 1158/2311/2456 1157/2310/2455
s 186
f 1155/2243/2511 1158/2242/2512 1136/2260/2405 1135/2261/2406
s 191
f 1160/2303/2448 1159/2302/2447 1151/2355/2500 1152/2354/2499
s 188
f 1161/2267/2412 1160/2266/2411 1152/2357/2502 1153/2356/2501
s 192
f 1153/2359/2506 1154/2358/2505 1162/2305/2450 1161/2304/2449
s 185
f 1159/2239/2384 1162/2238/2383 1154/2361/2513 1151/2360/2514
s 191
f 1164/2317/2462 1163/2316/2461 1139/2323/2468 1115/2322/2467
s 189
f 1165/2275/2420 1164/2274/2419 1115/2277/2422 1116/2276/2421
s 192
f 1116/2329/2474 1140/2328/2473 1166/2319/2464 1165/2318/2463
s 186
f 1163/2246/2391 1166/2245/2390 1140/2248/2393 1139/2251/2396
s 198
f 1189/2362/2515 1192/2363/2516 1191/2364/2517 1190/2365/2518
f 1190/2365/2518 1191/2364/2517 1222/2366/2519 1219/2367/2520
s off
f 1193/2368/2521 1194/2369/2522 1218/2370/2523 1215/2371/2524
s 199
f 1197/2372/2525 1226/2373/2526 1223/2374/2527 1198/2375/2528
f 1200/2376/2529 1202/2377/2530 1201/2378/2531 1199/2379/2532
f 1202/2377/2530 1204/2380/2533 1203/2381/2534 1201/2378/2531
f 1204/2380/2533 1206/2382/2535 1205/2383/2536 1203/2381/2534
f 1206/2382/2535 1208/2384/2537 1207/2385/2538 1205/2383/2536
f 1208/2384/2537 1210/2386/2539 1209/2387/2540 1207/2385/2538
f 1196/2388/2541 1197/2372/2525 1198/2375/2528 1195/2389/2542
s 201
f 1167/2390/2543 1168/2391/2544 1172/2392/2545 1171/2393/2546
f 1168/2391/2544 1220/2394/2547 1221/2395/2548 1172/2392/2545
s 202
f 1169/2396/2549 1216/2397/2550 1217/2398/2551 1173/2399/2552
f 1187/2400/2553 1188/2401/2554 1224/2402/2555 1225/2403/2556
f 1176/2404/2557 1175/2405/2558 1177/2406/2559 1178/2407/2560
f 1178/2407/2560 1177/2406/2559 1179/2408/2561 1180/2409/2562
f 1180/2409/2562 1179/2408/2561 1181/2410/2563 1182/2411/2564
f 1182/2411/2564 1181/2410/2563 1183/2412/2565 1184/2413/2566
f 1184/2413/2566 1183/2412/2565 1185/2414/2567 1186/2415/2568
f 1174/2416/2569 1170/2417/2570 1188/2401/2554 1187/2400/2553
s 204
f 1167/2418/2571 1189/2419/2572 1190/2420/2573 1168/2421/2574
s 205
f 1172/2422/2575 1191/2423/2576 1192/2424/2577 1171/2425/2578
s off
f 1171/2426/2579 1192/2427/2580 1189/2428/2581 1167/2429/2582
s 204
f 1168/2421/2574 1190/2420/2573 1219/2430/2583 1220/2431/2584
s 205
f 1221/2432/2585 1222/2433/2586 1191/2423/2576 1172/2422/2575
s 204
f 1169/2434/2587 1193/2435/2588 1215/2436/2589 1216/2437/2590
s 205
f 1217/2438/2591 1218/2439/2592 1194/2440/2593 1173/2441/2594
s 204
f 1188/2442/2595 1198/2443/2596 1223/2444/2597 1224/2445/2598
s 205
f 1225/2446/2599 1226/2447/2600 1197/2448/2601 1187/2449/2602
s 204
f 1175/2450/2603 1199/2451/2604 1201/2452/2605 1177/2453/2606
s 205
f 1178/2454/2607 1202/2455/2608 1200/2456/2609 1176/2457/2610
s 204
f 1177/2453/2606 1201/2452/2605 1203/2458/2611 1179/2459/2612
s 205
f 1180/2460/2613 1204/2461/2614 1202/2455/2608 1178/2454/2607
s 204
f 1179/2459/2612 1203/2458/2611 1205/2462/2615 1181/2463/2616
s 205
f 1182/2464/2617 1206/2465/2618 1204/2461/2614 1180/2460/2613
s 204
f 1181/2463/2616 1205/2462/2615 1207/2466/2619 1183/2467/2620
s 205
f 1184/2468/2621 1208/2469/2622 1206/2465/2618 1182/2464/2617
s 204
f 1183/2467/2620 1207/2466/2619 1209/2470/2623 1185/2471/2624
s off
f 1185/2472/2625 1209/2473/2626 1210/2474/2627 1186/2475/2628
s 205
f 1186/2476/2629 1210/2477/2630 1208/2469/2622 1184/2468/2621
s 204
f 1170/2478/2631 1195/2479/2632 1198/2443/2596 1188/2442/2595
s 205
f 1187/2449/2602 1197/2448/2601 1196/2480/2633 1174/2481/2634
s 204
f 1212/2482/2635 1211/2483/2636 1193/2435/2588 1169/2434/2587
s 201
f 1213/2484/2637 1212/2485/2638 1169/2396/2639 1173/2399/2640
s 205
f 1173/2441/2594 1194/2440/2593 1214/2486/2641 1213/2487/2642
s off
f 1211/2488/2643 1214/2489/2644 1194/2369/2645 1193/2368/2646
s 204
f 1216/2437/2590 1215/2436/2589 1195/2479/2632 1170/2478/2631
s 202
f 1217/2398/2551 1216/2397/2550 1170/2417/2570 1174/2416/2569
s 205
f 1174/2481/2634 1196/2480/2633 1218/2439/2592 1217/2438/2591
s 199
f 1215/2371/2647 1218/2370/2648 1196/2388/2541 1195/2389/2542
s 204
f 1220/2431/2584 1219/2430/2583 1211/2483/2636 1212/2482/2635
s 201
f 1221/2395/2548 1220/2394/2547 1212/2485/2638 1213/2484/2637
s 205
f 1213/2487/2642 1214/2486/2641 1222/2433/2586 1221/2432/2585
s 198
f 1219/2367/2520 1222/2366/2519 1214/2489/2649 1211/2488/2650
s 204
f 1224/2445/2598 1223/2444/2597 1199/2451/2604 1175/2450/2603
s 202
f 1225/2403/2556 1224/2402/2555 1175/2405/2558 1176/2404/2557
s 205
f 1176/2457/2610 1200/2456/2609 1226/2447/2600 1225/2446/2599
s 199
f 1223/2374/2527 1226/2373/2526 1200/2376/2529 1199/2379/2532
s 211
f 1249/2490/2651 1252/2491/2652 1251/2492/2653 1250/2493/2654
f 1250/2493/2654 1251/2492/2653 1282/2494/2655 1279/2495/2656
s off
f 1253/2496/2657 1254/2497/2658 1278/2498/2659 1275/2499/2660
s 212
f 1257/2500/2661 1286/2501/2662 1283/2502/2663 1258/2503/2664
f 1260/2504/2665 1262/2505/2666 1261/2506/2667 1259/2507/2668
f 1262/2505/2666 1264/2508/2669 1263/2509/2670 1261/2506/2667
f 1264/2508/2669 1266/2510/2671 1265/2511/2672 1263/2509/2670
f 1266/2510/2671 1268/2512/2673 1267/2513/2674 1265/2511/2672
f 1268/2512/2673 1270/2514/2675 1269/2515/2676 1267/2513/2674
f 1256/2516/2677 1257/2500/2661 1258/2503/2664 1255/2517/2678
s 214
f 1227/2518/2679 1228/2519/2680 1232/2520/2681 1231/2521/2682
f 1228/2519/2680 1280/2522/2683 1281/2523/2684 1232/2520/2681
s 215
f 1229/2524/2685 1276/2525/2686 1277/2526/2687 1233/2527/2688
f 1247/2528/2689 1248/2529/2690 1284/2530/2691 1285/2531/2692
f 1236/2532/2693 1235/2533/2694 1237/2534/2695 1238/2535/2696
f 1238/2535/2696 1237/2534/2695 1239/2536/2697 1240/2537/2698
f 1240/2537/2698 1239/2536/2697 1241/2538/2699 1242/2539/2700
f 1242/2539/2700 1241/2538/2699 1243/2540/2701 1244/2541/2702
f 1244/2541/2702 1243/2540/2701 1245/2542/2703 1246/2543/2704
f 1234/2544/2705 1230/2545/2706 1248/2529/2690 1247/2528/2689
s 217
f 1227/2546/2707 1249/2547/2708 1250/2548/2709 1228/2549/2710
s 218
f 1232/2550/2711 1251/2551/2712 1252/2552/2713 1231/2553/2714
s off
f 1231/2554/2715 1252/2555/2716 1249/2556/2717 1227/2557/2718
s 217
f 1228/2549/2710 1250/2548/2709 1279/2558/2719 1280/2559/2720
s 218
f 1281/2560/2721 1282/2561/2722 1251/2551/2712 1232/2550/2711
s 217
f 1229/2562/2723 1253/2563/2724 1275/2564/2725 1276/2565/2726
s 218
f 1277/2566/2727 1278/2567/2728 1254/2568/2729 1233/2569/2730
s 217
f 1248/2570/2731 1258/2571/2732 1283/2572/2733 1284/2573/2734
s 218
f 1285/2574/2735 1286/2575/2736 1257/2576/2737 1247/2577/2738
s 217
f 1235/2578/2739 1259/2579/2740 1261/2580/2741 1237/2581/2742
s 218
f 1238/2582/2743 1262/2583/2744 1260/2584/2745 1236/2585/2746
s 217
f 1237/2581/2742 1261/2580/2741 1263/2586/2747 1239/2587/2748
s 218
f 1240/2588/2749 1264/2589/2750 1262/2583/2744 1238/2582/2743
s 217
f 1239/2587/2748 1263/2586/2747 1265/2590/2751 1241/2591/2752
s 218
f 1242/2592/2753 1266/2593/2754 1264/2589/2750 1240/2588/2749
s 217
f 1241/2591/2752 1265/2590/2751 1267/2594/2755 1243/2595/2756
s 218
f 1244/2596/2757 1268/2597/2758 1266/2593/2754 1242/2592/2753
s 217
f 1243/2595/2756 1267/2594/2755 1269/2598/2759 1245/2599/2760
s off
f 1245/2600/2761 1269/2601/2762 1270/2602/2763 1246/2603/2764
s 218
f 1246/2604/2765 1270/2605/2766 1268/2597/2758 1244/2596/2757
s 217
f 1230/2606/2767 1255/2607/2768 1258/2571/2732 1248/2570/2731
s 218
f 1247/2577/2738 1257/2576/2737 1256/2608/2769 1234/2609/2770
s 217
f 1272/2610/2771 1271/2611/2772 1253/2563/2724 1229/2562/2723
s 214
f 1273/2612/2773 1272/2613/2774 1229/2524/2775 1233/2527/2776
s 218
f 1233/2569/2730 1254/2568/2729 1274/2614/2777 1273/2615/2778
s off
f 1271/2616/2779 1274/2617/2780 1254/2497/2781 1253/2496/2782
s 217
f 1276/2565/2726 1275/2564/2725 1255/2607/2768 1230/2606/2767
s 215
f 1277/2526/2687 1276/2525/2686 1230/2545/2706 1234/2544/2705
s 218
f 1234/2609/2770 1256/2608/2769 1278/2567/2728 1277/2566/2727
s 212
f 1275/2499/2783 1278/2498/2784 1256/2516/2677 1255/2517/2678
s 217
f 1280/2559/2720 1279/2558/2719 1271/2611/2772 1272/2610/2771
s 214
f 1281/2523/2684 1280/2522/2683 1272/2613/2774 1273/2612/2773
s 218
f 1273/2615/2778 1274/2614/2777 1282/2561/2722 1281/2560/2721
s 211
f 1279/2495/2656 1282/2494/2655 1274/2617/2785 1271/2616/2786
s 217
f 1284/2573/2734 1283/2572/2733 1259/2579/2740 1235/2578/2739
s 215
f 1285/2531/2692 1284/2530/2691 1235/2533/2694 1236/2532/2693
s 218
f 1236/2585/2746 1260/2584/2745 1286/2575/2736 1285/2574/2735
s 212
f 1283/2502/2663 1286/2501/2662 1260/2504/2665 1259/2507/2668
s 224
f 1309/2618/2787 1312/2619/2788 1311/2620/2789 1310/2621/2790
f 1310/2621/2790 1311/2620/2789 1342/2622/2791 1339/2623/2792
s off
f 1313/2624/2793 1314/2625/2794 1338/2626/2795 1335/2627/2796
s 225
f 1317/2628/2797 1346/2629/2798 1343/2630/2799 1318/2631/2800
f 1320/2632/2801 1322/2633/2802 1321/2634/2803 1319/2635/2804
f 1322/2633/2802 1324/2636/2805 1323/2637/2806 1321/2634/2803
f 1324/2636/2805 1326/2638/2807 1325/2639/2808 1323/2637/2806
f 1326/2638/2807 1328/2640/2809 1327/2641/2810 1325/2639/2808
f 1328/2640/2809 1330/2642/2811 1329/2643/2812 1327/2641/2810
f 1316/2644/2813 1317/2628/2797 1318/2631/2800 1315/2645/2814
s 227
f 1287/2646/2815 1288/2647/2816 1292/2648/2817 1291/2649/2818
f 1288/2647/2816 1340/2650/2819 1341/2651/2820 1292/2648/2817
s 228
f 1289/2652/2821 1336/2653/2822 1337/2654/2823 1293/2655/2824
f 1307/2656/2825 1308/2657/2826 1344/2658/2827 1345/2659/2828
f 1296/2660/2829 1295/2661/2830 1297/2662/2831 1298/2663/2832
f 1298/2663/2832 1297/2662/2831 1299/2664/2833 1300/2665/2834
f 1300/2665/2834 1299/2664/2833 1301/2666/2835 1302/2667/2836
f 1302/2667/2836 1301/2666/2835 1303/2668/2837 1304/2669/2838
f 1304/2669/2838 1303/2668/2837 1305/2670/2839 1306/2671/2840
f 1294/2672/2841 1290/2673/2842 1308/2657/2826 1307/2656/2825
s 230
f 1287/2674/2843 1309/2675/2844 1310/2676/2845 1288/2677/2846
s 231
f 1292/2678/2847 1311/2679/2848 1312/2680/2849 1291/2681/2850
s off
f 1291/2682/2851 1312/2683/2852 1309/2684/2853 1287/2685/2854
s 230
f 1288/2677/2846 1310/2676/2845 1339/2686/2855 1340/2687/2856
s 231
f 1341/2688/2857 1342/2689/2858 1311/2679/2848 1292/2678/2847
s 230
f 1289/2690/2859 1313/2691/2860 1335/2692/2861 1336/2693/2862
s 231
f 1337/2694/2863 1338/2695/2864 1314/2696/2865 1293/2697/2866
s 230
f 1308/2698/2867 1318/2699/2868 1343/2700/2869 1344/2701/2870
s 231
f 1345/2702/2871 1346/2703/2872 1317/2704/2873 1307/2705/2874
s 230
f 1295/2706/2875 1319/2707/2876 1321/2708/2877 1297/2709/2878
s 231
f 1298/2710/2879 1322/2711/2880 1320/2712/2881 1296/2713/2882
s 230
f 1297/2709/2878 1321/2708/2877 1323/2714/2883 1299/2715/2884
s 231
f 1300/2716/2885 1324/2717/2886 1322/2711/2880 1298/2710/2879
s 230
f 1299/2715/2884 1323/2714/2883 1325/2718/2887 1301/2719/2888
s 231
f 1302/2720/2889 1326/2721/2890 1324/2717/2886 1300/2716/2885
s 230
f 1301/2719/2888 1325/2718/2887 1327/2722/2891 1303/2723/2892
s 231
f 1304/2724/2893 1328/2725/2894 1326/2721/2890 1302/2720/2889
s 230
f 1303/2723/2892 1327/2722/2891 1329/2726/2895 1305/2727/2896
s off
f 1305/2728/2897 1329/2729/2898 1330/2730/2899 1306/2731/2900
s 231
f 1306/2732/2901 1330/2733/2902 1328/2725/2894 1304/2724/2893
s 230
f 1290/2734/2903 1315/2735/2904 1318/2699/2868 1308/2698/2867
s 231
f 1307/2705/2874 1317/2704/2873 1316/2736/2905 1294/2737/2906
s 230
f 1332/2738/2907 1331/2739/2908 1313/2691/2860 1289/2690/2859
s 227
f 1333/2740/2909 1332/2741/2910 1289/2652/2911 1293/2655/2912
s 231
f 1293/2697/2866 1314/2696/2865 1334/2742/2913 1333/2743/2914
s off
f 1331/2744/2915 1334/2745/2916 1314/2625/2917 1313/2624/2918
s 230
f 1336/2693/2862 1335/2692/2861 1315/2735/2904 1290/2734/2903
s 228
f 1337/2654/2823 1336/2653/2822 1290/2673/2842 1294/2672/2841
s 231
f 1294/2737/2906 1316/2736/2905 1338/2695/2864 1337/2694/2863
s 225
f 1335/2627/2919 1338/2626/2920 1316/2644/2813 1315/2645/2814
s 230
f 1340/2687/2856 1339/2686/2855 1331/2739/2908 1332/2738/2907
s 227
f 1341/2651/2820 1340/2650/2819 1332/2741/2910 1333/2740/2909
s 231
f 1333/2743/2914 1334/2742/2913 1342/2689/2858 1341/2688/2857
s 224
f 1339/2623/2792 1342/2622/2791 1334/2745/2921 1331/2744/2922
s 230
f 1344/2701/2870 1343/2700/2869 1319/2707/2876 1295/2706/2875
s 228
f 1345/2659/2828 1344/2658/2827 1295/2661/2830 1296/2660/2829
s 231
f 1296/2713/2882 1320/2712/2881 1346/2703/2872 1345/2702/2871
s 225
f 1343/2630/2799 1346/2629/2798 1320/2632/2801 1319/2635/2804
